patient_id,age,length_of_stay,prior_admissions,medication_count,comorbidity_count,heart_rate,systolic_bp,oxygen_saturation,creatinine,glucose,hemoglobin,has_diabetes,has_copd,has_heart_failure,has_renal_disease,readmitted_30d
P00001,24,1,0,4,2,82.5,106.5,98.3,0.7,138.1,11.9,0,0,0,0,0
P00002,74,1,3,5,2,101.5,161.3,94.3,0.73,156.4,15.0,0,0,0,1,0
P00003,65,2,2,8,1,61.7,84.0,95.1,1.98,70.1,15.7,0,0,0,0,0
P00004,50,5,0,4,2,75.4,124.9,100.0,1.06,98.7,12.6,0,0,0,0,1
P00005,49,6,0,6,4,63.5,126.5,91.8,0.89,98.2,13.0,1,0,1,0,0
P00006,80,2,1,2,1,96.4,125.7,97.8,2.05,190.1,12.2,1,0,0,0,0
P00007,24,8,2,6,2,99.3,97.0,99.4,0.88,113.8,13.4,0,0,0,0,1
P00008,68,7,1,3,1,108.9,104.3,93.9,0.57,157.9,10.8,0,0,0,0,0
P00009,32,3,0,8,1,89.3,147.2,94.0,0.55,126.2,7.6,0,0,0,0,0
P00010,24,2,3,5,0,93.0,155.7,94.9,0.96,113.5,9.3,0,0,0,0,0
P00011,56,1,0,6,3,88.1,119.7,93.9,0.48,63.3,12.6,0,0,0,1,0
P00012,89,6,1,3,3,90.0,109.4,96.2,0.59,50.0,10.9,0,0,0,0,0
P00013,71,5,2,5,5,82.7,92.3,98.7,0.84,114.3,12.8,0,0,0,0,0
P00014,73,7,2,3,1,90.7,146.8,94.9,1.66,117.0,12.0,0,0,0,0,0
P00015,70,11,0,7,1,112.0,148.0,98.8,1.79,90.0,11.6,0,0,1,0,1
P00016,75,13,0,7,4,85.1,75.0,100.0,1.35,136.1,11.7,0,1,1,0,1
P00017,55,9,0,3,0,82.3,79.5,97.3,1.0,217.9,14.9,0,1,1,0,0
P00018,27,3,1,6,4,84.8,130.7,97.6,0.77,196.8,13.5,0,0,0,0,0
P00019,79,4,0,4,4,79.9,133.3,94.2,1.19,128.8,16.1,0,1,0,0,0
P00020,50,9,1,6,1,85.4,118.5,88.1,2.23,130.4,13.2,0,0,0,1,0
P00021,54,2,0,5,4,79.4,127.3,97.8,1.07,156.6,9.2,0,0,0,0,0
P00022,45,3,2,4,3,98.0,123.1,98.4,0.81,138.8,10.9,0,0,0,0,0
P00023,31,8,1,8,2,96.6,128.5,96.7,0.93,156.7,13.2,0,0,0,1,0
P00024,85,13,2,5,2,112.3,110.0,98.7,0.89,140.1,13.5,1,0,0,0,1
P00025,75,9,3,6,2,81.7,127.8,94.4,1.28,131.9,11.8,0,1,0,0,0
P00026,65,8,0,4,0,86.0,114.5,97.6,0.71,98.4,11.4,1,0,0,0,0
P00027,47,4,2,6,4,85.5,112.8,100.0,1.2,143.4,11.8,1,0,0,0,0
P00028,78,2,1,2,3,84.8,90.7,98.0,1.29,50.0,12.7,0,0,0,0,1
P00029,57,7,0,5,5,97.8,124.5,100.0,1.17,139.0,12.9,1,0,0,0,0
P00030,50,12,1,5,0,59.3,144.1,100.0,0.61,50.0,10.8,0,1,0,0,1
P00031,50,3,2,8,4,88.4,121.5,92.3,0.93,139.1,13.5,0,1,0,1,0
P00032,34,3,2,11,0,109.9,120.9,98.2,0.79,83.1,13.5,0,0,0,0,0
P00033,24,3,0,4,1,101.1,153.1,94.1,0.97,184.6,12.8,0,0,0,0,0
P00034,58,6,2,6,2,99.5,148.5,92.7,0.74,131.1,11.6,1,0,1,1,1
P00035,82,10,2,4,2,93.8,162.7,95.1,1.75,127.2,14.3,0,1,0,0,1
P00036,22,1,3,4,1,73.7,173.1,100.0,1.09,145.4,15.6,0,0,0,0,0
P00037,80,5,3,9,1,71.5,129.2,94.4,0.48,88.2,12.1,0,0,0,0,1
P00038,78,1,0,9,0,71.6,104.9,90.7,0.55,177.6,11.7,0,0,0,0,0
P00039,38,15,2,1,3,66.1,117.6,91.7,1.72,158.3,13.9,0,0,0,0,1
P00040,64,5,1,3,1,95.3,139.5,97.4,0.92,102.3,10.7,0,0,0,0,0
P00041,30,3,2,3,5,102.6,156.8,93.7,0.84,79.5,10.4,1,0,1,0,1
P00042,73,6,2,8,4,88.1,107.0,89.9,1.66,108.2,11.7,0,0,0,0,0
P00043,69,1,1,5,2,93.3,133.1,91.8,0.93,120.2,13.6,0,0,0,0,1
P00044,43,2,1,4,2,86.1,112.1,96.5,0.58,76.2,11.2,0,0,0,1,0
P00045,22,5,2,8,4,90.0,125.1,98.3,0.6,104.4,13.0,0,0,0,0,0
P00046,88,8,1,1,0,52.4,124.8,94.7,1.33,98.4,9.0,1,0,0,0,0
P00047,50,1,1,6,2,86.4,135.6,97.9,2.49,115.9,14.2,0,0,0,0,0
P00048,83,10,1,11,4,76.0,168.6,98.7,1.46,116.3,15.9,0,0,0,1,0
P00049,67,4,1,5,1,81.4,137.5,93.6,0.84,147.0,11.2,0,0,0,0,0
P00050,74,8,3,2,4,85.2,119.4,95.6,0.9,126.4,13.9,1,0,0,0,0
P00051,73,6,1,2,3,72.0,116.1,94.2,1.02,143.1,12.6,0,0,0,1,0
P00052,32,14,2,6,6,66.9,124.2,97.6,0.4,136.2,13.2,1,0,0,0,1
P00053,44,6,0,3,2,71.6,110.6,94.2,1.01,116.2,12.5,0,0,0,0,0
P00054,52,10,0,4,1,61.7,130.8,92.4,1.3,155.8,12.4,0,0,0,1,0
P00055,54,3,1,6,3,65.8,79.8,96.2,2.22,50.0,11.3,0,0,0,0,0
P00056,21,1,2,9,1,67.7,123.8,99.3,1.63,108.9,10.8,0,0,0,0,0
P00057,57,9,0,6,1,61.9,125.4,97.5,2.38,99.3,15.2,0,0,0,1,0
P00058,29,1,1,3,3,89.4,104.8,99.0,2.13,130.4,9.6,0,0,0,0,0
P00059,72,8,1,9,2,69.4,120.4,98.8,1.87,96.5,13.0,0,0,0,1,0
P00060,67,2,0,7,1,55.9,150.4,96.1,1.01,149.7,12.9,0,0,0,0,0
P00061,85,6,2,4,2,76.4,151.8,94.2,1.17,157.6,12.9,0,0,0,0,0
P00062,72,14,0,3,5,66.4,117.3,93.4,0.47,62.7,14.3,0,0,1,0,1
P00063,44,7,1,5,2,102.4,138.5,91.2,1.06,135.1,12.3,1,0,0,0,0
P00064,88,4,0,7,2,83.9,98.0,99.6,1.29,67.4,14.3,0,0,0,0,0
P00065,47,6,2,6,1,61.4,122.1,95.0,0.88,146.6,17.0,1,0,0,0,0
P00066,41,3,1,7,1,90.0,132.6,90.9,0.5,104.0,12.7,1,0,0,0,0
P00067,84,18,0,5,1,83.2,158.5,99.7,2.04,88.8,8.9,0,0,0,0,0
P00068,45,3,1,7,3,78.7,151.9,96.3,1.2,50.0,12.7,1,1,0,0,0
P00069,23,4,2,1,1,104.0,132.2,98.9,2.17,120.9,12.5,0,0,0,1,0
P00070,52,7,2,2,0,68.3,109.8,95.2,1.4,72.9,13.8,0,0,0,0,0
P00071,76,6,1,8,2,96.5,155.2,93.6,1.85,58.2,9.0,0,1,0,0,0
P00072,31,6,2,7,3,76.3,121.2,97.3,1.69,133.4,13.6,0,0,0,0,0
P00073,51,3,1,3,3,81.7,137.0,97.6,0.74,168.6,12.2,0,0,0,1,0
P00074,27,4,1,8,3,71.5,125.5,95.2,0.8,142.8,14.6,1,0,0,0,0
P00075,68,9,0,10,4,72.4,167.8,99.9,0.82,60.6,12.0,1,0,0,0,0
P00076,52,8,2,5,1,75.9,115.8,98.8,0.65,118.8,14.7,0,0,0,0,0
P00077,42,6,1,3,1,55.4,146.3,97.7,2.21,155.6,10.0,0,0,0,1,0
P00078,34,11,1,7,4,86.9,126.3,92.7,1.02,118.9,13.0,1,0,0,0,0
P00079,59,9,0,1,0,83.6,139.4,92.2,1.23,139.6,11.1,1,0,0,0,0
P00080,66,8,2,7,1,61.0,160.4,99.6,0.55,105.3,12.0,0,0,0,0,0
P00081,86,1,1,10,3,91.2,87.9,89.4,1.45,107.7,18.0,1,0,0,0,0
P00082,49,6,3,5,1,102.4,126.7,95.7,0.83,95.3,11.1,0,0,0,0,1
P00083,29,5,2,4,3,72.7,110.1,96.4,1.76,152.5,12.3,0,0,0,0,0
P00084,78,12,1,4,2,71.0,136.9,94.5,0.73,155.4,10.7,0,0,0,1,1
P00085,63,4,5,6,1,97.6,141.8,95.9,1.82,100.0,12.4,1,0,0,0,1
P00086,69,5,0,6,1,87.6,118.6,97.3,1.53,159.0,12.7,0,0,0,0,0
P00087,25,2,1,3,3,80.1,117.6,94.2,0.81,60.8,11.5,1,1,0,1,0
P00088,40,2,0,7,5,93.4,132.1,98.6,1.89,117.3,16.2,1,0,1,0,0
P00089,74,12,3,3,0,85.8,102.5,97.7,1.68,64.1,15.3,0,0,0,0,0
P00090,78,6,2,7,1,102.0,134.7,95.5,1.25,74.1,11.1,0,0,0,0,1
P00091,49,14,2,6,1,81.8,111.6,93.5,0.64,63.5,14.6,0,0,0,0,0
P00092,76,4,0,5,2,88.0,142.7,95.7,1.43,95.5,12.0,0,0,0,0,0
P00093,79,1,0,3,3,97.4,101.6,100.0,1.03,152.9,10.5,0,0,0,0,0
P00094,46,4,1,4,2,47.7,116.7,93.7,1.02,121.5,11.6,1,0,0,0,0
P00095,83,3,0,7,2,97.9,113.0,100.0,1.03,98.7,10.5,0,0,0,0,0
P00096,39,7,0,6,0,74.9,122.0,90.7,0.99,117.2,14.9,0,0,0,0,0
P00097,35,7,0,4,2,89.0,155.5,93.4,0.68,50.0,11.2,1,0,0,0,0
P00098,67,7,1,5,4,105.3,144.9,94.4,0.51,150.7,15.6,1,0,1,0,1
P00099,64,17,1,6,2,77.7,118.4,98.8,0.46,50.0,13.3,1,0,1,0,0
P00100,28,10,0,8,2,75.6,118.4,96.2,1.14,93.2,12.2,0,1,0,1,0
P00101,78,2,0,5,2,81.2,145.7,99.9,0.4,121.5,12.0,0,0,0,0,0
P00102,32,9,1,5,5,61.7,104.7,95.0,1.39,145.0,16.5,0,0,0,1,1
P00103,76,5,1,11,4,112.8,128.4,95.8,1.26,135.8,13.0,0,0,0,0,1
P00104,18,4,1,7,2,81.4,115.9,95.0,0.87,122.8,12.0,0,0,0,0,0
P00105,76,11,2,5,3,105.0,124.6,100.0,1.59,190.6,14.7,1,0,0,0,1
P00106,75,2,0,8,3,77.3,144.2,92.6,0.89,215.7,14.2,1,0,0,1,0
P00107,74,9,1,8,2,82.5,114.6,94.5,1.21,125.3,11.0,0,0,1,0,0
P00108,66,8,0,5,3,95.2,147.5,93.1,0.41,120.5,13.0,1,0,0,1,1
P00109,52,2,1,7,3,66.6,172.0,97.7,0.4,117.8,9.4,0,0,0,0,1
P00110,69,1,3,4,4,80.6,140.1,92.6,0.9,97.5,12.9,0,0,0,0,0
P00111,38,4,2,4,2,94.7,126.3,100.0,1.21,141.9,13.6,0,0,0,0,0
P00112,74,10,3,7,1,79.0,151.1,96.2,1.53,182.2,13.9,0,0,0,1,0
P00113,58,6,0,4,2,75.2,105.8,97.2,0.92,50.0,11.0,1,0,0,0,0
P00114,51,12,2,6,2,97.6,158.4,97.4,1.12,117.4,11.5,0,0,0,0,0
P00115,54,6,0,3,3,101.6,112.9,95.9,1.42,192.0,13.5,1,0,0,0,0
P00116,59,12,1,4,2,103.8,171.4,96.4,0.94,142.7,15.5,0,0,0,0,0
P00117,20,3,1,4,3,72.6,113.7,96.3,1.3,143.6,13.2,0,0,0,0,0
P00118,28,7,0,10,3,73.9,141.2,97.6,0.6,53.0,11.9,0,0,0,0,0
P00119,35,3,0,7,1,75.4,96.8,93.5,0.47,156.6,14.9,0,0,0,1,0
P00120,26,4,0,6,1,92.1,123.7,93.0,0.79,170.4,13.3,0,0,0,0,0
P00121,50,5,1,5,2,65.2,106.4,98.5,1.42,134.0,13.4,0,0,0,1,0
P00122,66,6,3,1,2,66.0,99.2,96.0,0.73,95.5,14.6,0,0,0,0,0
P00123,65,3,1,5,5,72.0,152.1,90.0,1.34,144.9,12.8,0,1,0,0,1
P00124,52,6,3,7,1,68.9,103.4,94.6,0.63,78.3,11.1,0,0,0,0,0
P00125,80,5,1,7,2,94.4,113.3,100.0,0.77,72.3,12.7,0,0,1,0,1
P00126,59,1,0,4,2,93.4,111.0,95.5,1.12,161.1,15.2,1,0,0,0,0
P00127,23,1,1,6,2,75.3,150.8,94.4,0.74,174.3,16.8,0,1,1,0,0
P00128,73,10,2,7,3,79.3,148.3,91.5,0.8,91.6,10.6,0,0,0,1,1
P00129,59,4,0,3,0,46.4,153.4,94.3,0.4,72.6,16.3,1,0,1,0,1
P00130,64,1,2,4,1,75.6,112.3,92.5,1.46,85.5,12.3,1,0,0,0,1
P00131,59,13,1,3,7,99.4,155.0,97.3,0.95,133.9,13.0,0,1,0,1,1
P00132,58,7,1,7,3,74.8,112.1,96.1,0.65,72.6,16.4,0,0,1,0,0
P00133,24,6,2,7,1,66.7,112.9,94.9,2.28,182.8,12.2,0,0,0,0,0
P00134,58,2,2,4,1,101.3,114.0,93.7,0.7,104.1,12.5,0,0,0,0,0
P00135,76,1,2,5,5,66.4,114.8,100.0,0.79,141.5,11.7,0,0,0,0,0
P00136,40,5,2,7,3,103.6,126.2,93.9,0.65,91.6,13.1,0,0,0,0,0
P00137,62,5,1,6,0,122.4,111.2,93.9,1.64,151.3,13.6,1,0,0,0,0
P00138,20,2,1,2,2,80.5,132.6,95.3,1.91,155.0,11.6,0,0,0,0,0
P00139,43,2,3,7,2,99.4,75.8,95.7,1.82,50.0,15.9,1,0,0,1,1
P00140,49,2,1,2,3,58.6,132.6,97.4,1.81,94.4,11.5,0,1,0,1,0
P00141,89,2,2,6,0,58.0,106.2,98.8,0.76,118.0,14.0,0,0,0,0,0
P00142,33,3,2,5,4,70.8,114.6,98.6,2.12,101.4,13.1,0,0,0,0,0
P00143,38,6,1,5,1,93.5,115.1,100.0,0.92,164.2,15.5,1,0,0,0,0
P00144,47,7,0,4,3,82.0,146.9,90.9,0.5,98.1,11.4,0,0,0,1,0
P00145,90,5,2,8,3,79.4,138.1,96.7,0.83,157.2,14.1,0,0,0,0,1
P00146,80,5,0,4,2,63.9,124.7,94.4,1.16,146.8,17.8,0,0,0,0,1
P00147,20,7,1,3,3,80.2,113.7,100.0,0.75,120.1,10.1,0,0,0,1,0
P00148,35,1,3,4,2,73.0,143.7,96.5,1.07,159.0,11.2,1,0,1,0,0
P00149,77,5,2,9,2,69.1,163.9,89.9,1.27,55.8,17.2,0,0,0,0,0
P00150,22,11,1,5,2,67.9,127.4,97.3,1.2,122.2,12.7,0,0,0,0,0
P00151,80,4,1,7,1,84.7,96.0,96.8,1.34,90.2,13.2,1,0,0,0,1
P00152,38,9,1,4,3,71.9,113.9,98.3,0.92,120.2,12.3,0,1,0,0,0
P00153,84,4,0,6,1,81.9,139.2,93.8,0.72,103.9,16.3,1,0,0,0,0
P00154,39,7,0,6,2,57.2,119.1,97.0,0.52,127.7,9.8,0,0,0,0,0
P00155,49,6,3,3,3,89.0,110.8,95.2,0.96,125.4,15.5,1,0,1,1,0
P00156,66,2,2,7,1,85.4,110.0,94.0,0.79,131.2,10.0,0,0,0,1,0
P00157,27,2,1,8,0,78.8,129.8,97.0,0.95,133.0,9.9,0,0,0,0,0
P00158,58,12,2,6,2,84.3,97.3,96.5,0.4,150.8,10.8,0,0,0,0,1
P00159,54,8,1,5,3,95.1,127.3,99.2,0.5,68.4,12.7,0,0,0,0,0
P00160,75,4,0,9,2,61.7,129.8,96.1,1.26,147.9,11.6,0,0,0,0,0
P00161,90,4,0,2,4,82.9,119.0,97.8,0.48,56.9,11.5,0,0,0,1,1
P00162,66,2,0,4,4,63.7,107.1,92.4,0.92,50.0,11.1,0,0,0,0,0
P00163,47,6,0,5,2,83.2,148.4,100.0,0.69,213.8,11.2,0,1,0,0,0
P00164,47,3,2,5,0,78.4,101.3,93.7,0.67,82.8,11.1,0,0,0,0,0
P00165,48,4,1,5,1,81.7,131.5,98.7,1.04,104.8,13.5,1,0,0,1,0
P00166,77,3,0,10,4,93.9,142.6,96.8,1.01,50.0,11.7,0,0,0,0,0
P00167,41,8,3,8,2,93.5,131.2,96.4,1.28,104.5,7.7,0,0,1,0,1
P00168,30,4,2,5,1,97.2,152.6,98.3,0.61,134.3,12.9,0,0,0,1,0
P00169,42,5,0,4,2,76.5,105.3,89.6,0.67,135.9,14.5,0,0,1,0,0
P00170,19,2,0,3,2,91.8,112.2,94.3,1.66,70.7,12.4,0,0,0,0,0
P00171,25,3,3,1,1,89.1,118.8,98.2,0.9,105.0,10.5,0,0,0,0,0
P00172,24,5,2,3,2,76.8,193.8,100.0,1.18,141.6,14.5,1,0,0,0,0
P00173,74,1,2,7,5,83.6,138.2,95.9,0.8,135.7,10.3,0,0,0,0,0
P00174,70,4,1,7,2,80.1,141.9,88.7,1.23,130.8,12.4,1,0,0,0,0
P00175,68,5,2,4,2,101.5,141.1,95.0,0.4,159.2,13.0,0,0,0,0,0
P00176,51,2,1,3,2,93.3,129.6,95.8,1.68,120.1,15.2,0,0,0,0,0
P00177,70,9,1,5,1,77.3,149.0,99.3,0.81,187.7,14.2,0,0,0,0,0
P00178,29,6,1,5,2,76.3,90.6,96.1,0.57,111.8,13.5,0,0,0,0,0
P00179,83,4,1,2,1,95.4,133.5,92.2,0.62,156.3,14.9,0,0,0,0,0
P00180,54,3,2,9,0,100.8,136.6,98.9,0.89,157.9,10.7,0,0,1,0,0
P00181,86,1,3,7,1,86.4,148.4,97.7,0.95,51.2,16.2,0,0,0,0,0
P00182,29,9,1,4,2,91.2,104.9,93.9,1.07,144.8,6.9,0,0,1,0,0
P00183,54,3,2,3,6,100.2,106.4,98.2,0.58,96.2,15.9,1,1,0,0,1
P00184,68,1,1,7,4,79.6,107.6,94.4,1.48,79.6,11.3,0,0,0,0,0
P00185,54,3,1,2,2,83.2,138.4,95.1,0.79,105.9,13.8,1,0,0,0,0
P00186,50,6,1,3,1,88.8,138.7,94.4,0.77,132.3,15.9,1,0,0,0,1
P00187,30,6,1,8,2,76.0,109.0,95.1,0.9,54.6,14.1,0,0,0,0,0
P00188,45,2,4,7,3,105.8,166.3,98.7,1.35,126.2,13.7,1,0,0,0,0
P00189,35,10,1,3,0,75.9,133.7,90.6,0.98,115.2,14.7,1,0,0,0,0
P00190,40,1,0,3,1,82.9,130.5,99.3,0.78,171.7,10.0,0,0,0,0,0
P00191,67,11,1,3,5,108.8,123.8,96.5,0.86,96.5,10.3,0,0,0,1,0
P00192,64,5,1,7,1,55.9,146.6,94.8,1.73,178.5,13.5,1,0,0,0,0
P00193,62,3,1,6,2,85.0,135.8,96.1,1.61,142.4,12.6,1,0,0,0,0
P00194,44,4,0,5,2,72.8,165.8,93.3,1.18,123.5,12.4,1,0,0,0,0
P00195,88,5,3,6,2,82.0,103.7,91.1,1.07,182.3,15.5,0,1,0,0,0
P00196,24,7,0,3,5,65.1,97.1,93.4,2.83,211.5,15.3,0,0,0,0,0
P00197,43,1,2,5,0,76.8,113.2,90.3,1.23,115.5,11.2,0,0,0,0,0
P00198,26,3,3,3,0,82.3,139.1,91.9,1.08,91.7,13.9,0,0,1,0,0
P00199,42,5,1,4,4,85.3,119.4,91.1,0.91,144.3,9.9,0,0,0,0,0
P00200,88,10,2,5,4,94.5,153.4,99.7,1.17,61.0,9.8,0,0,1,0,0
P00201,44,10,0,2,2,49.5,120.1,92.1,0.4,66.5,11.2,0,0,0,0,0
P00202,84,12,5,7,3,80.2,149.6,95.9,1.59,183.8,12.9,1,0,1,0,1
P00203,54,9,1,8,0,79.6,111.4,99.4,0.56,150.7,11.7,0,0,0,0,0
P00204,69,2,0,7,3,81.1,151.7,98.6,0.72,86.4,13.9,0,0,0,0,0
P00205,51,5,0,8,0,82.5,155.4,95.1,0.53,266.1,13.0,1,0,0,0,0
P00206,37,9,1,3,2,70.4,116.7,95.1,0.72,62.8,15.2,0,0,1,0,0
P00207,73,9,3,4,1,60.3,137.8,96.5,0.86,152.9,14.1,0,0,0,0,0
P00208,88,4,1,6,3,85.0,133.4,100.0,1.49,89.2,10.9,0,0,0,0,0
P00209,37,7,1,3,4,68.1,138.3,97.2,1.79,205.1,14.8,0,0,0,0,1
P00210,74,3,1,5,2,87.6,153.7,98.0,2.4,101.1,11.3,1,0,0,0,0
P00211,37,1,0,5,0,68.9,147.5,100.0,1.05,112.2,13.8,1,0,1,0,0
P00212,70,4,0,8,0,91.7,138.3,96.8,0.91,50.0,12.0,0,0,0,0,0
P00213,75,4,1,4,1,81.2,141.3,99.4,1.42,218.7,15.6,1,0,0,1,0
P00214,50,3,1,11,0,82.2,102.6,97.4,0.68,97.2,14.5,0,0,0,0,0
P00215,71,7,1,1,1,78.6,127.2,97.4,0.65,146.6,11.6,0,0,0,0,0
P00216,37,4,0,9,3,76.3,106.0,93.1,0.85,125.2,12.2,1,0,0,0,0
P00217,23,6,2,5,2,78.7,127.6,92.6,0.98,100.2,18.0,0,0,1,0,0
P00218,25,8,1,2,2,98.5,150.3,94.5,0.4,50.0,10.5,0,0,0,0,0
P00219,50,18,1,4,2,60.5,127.9,98.6,1.62,114.7,11.6,1,0,0,0,0
P00220,83,4,1,2,0,72.9,77.9,98.5,1.11,112.8,11.7,0,0,0,0,0
P00221,27,10,1,6,5,96.8,107.1,100.0,1.43,139.3,10.7,1,0,0,0,0
P00222,51,5,0,5,2,93.5,139.6,96.0,0.49,221.5,10.9,0,0,0,0,0
P00223,69,6,0,3,1,100.8,117.2,97.6,0.74,154.0,12.8,0,0,1,0,0
P00224,32,4,1,2,0,81.2,143.7,97.6,0.72,163.7,14.0,1,0,1,1,0
P00225,70,5,4,5,2,63.5,103.9,95.7,0.91,111.3,9.8,0,0,0,0,1
P00226,40,4,2,8,0,66.5,135.6,95.0,0.99,65.9,12.0,0,1,0,0,0
P00227,77,9,1,3,4,77.8,136.6,91.5,1.48,112.4,11.4,1,0,0,0,1
P00228,60,3,0,5,1,92.6,143.8,95.5,1.05,91.9,10.7,0,0,0,0,0
P00229,57,1,0,4,1,78.4,114.9,95.7,0.72,122.7,15.0,1,1,0,0,0
P00230,30,3,0,9,2,77.4,143.6,99.4,2.68,102.8,11.5,1,0,1,0,0
P00231,51,3,1,3,2,87.6,158.1,99.7,0.89,50.0,10.3,1,0,0,0,0
P00232,80,3,2,7,4,82.4,82.5,96.4,0.66,182.0,14.8,0,0,0,0,0
P00233,19,4,2,5,5,75.8,129.0,100.0,0.43,118.7,15.5,1,0,0,0,0
P00234,73,3,2,5,1,68.0,91.9,96.6,1.04,110.1,13.5,0,0,0,0,1
P00235,53,4,2,4,2,95.3,110.8,99.1,1.36,75.3,11.1,0,0,1,0,0
P00236,70,3,2,6,1,96.7,112.4,95.7,0.6,103.6,12.4,1,0,0,0,0
P00237,66,6,3,9,3,67.2,126.7,92.6,1.32,86.2,11.7,0,0,0,1,1
P00238,49,18,1,8,3,76.4,135.6,94.7,1.04,71.3,12.9,1,0,1,0,1
P00239,40,5,3,3,0,91.3,146.1,100.0,0.45,132.3,14.4,0,0,0,0,0
P00240,63,3,1,7,3,66.1,133.3,95.2,1.33,103.9,12.9,0,0,0,0,0
P00241,28,1,0,6,1,87.1,141.5,94.6,0.89,158.7,13.0,0,1,0,0,0
P00242,60,15,0,5,1,77.4,106.4,96.0,0.6,108.8,12.0,0,1,1,0,0
P00243,24,6,1,3,5,65.0,149.1,94.8,1.54,130.2,14.3,1,0,1,0,0
P00244,65,4,1,5,2,106.9,75.0,99.6,1.53,128.9,13.7,0,0,1,0,0
P00245,63,1,2,7,5,77.2,158.5,100.0,0.6,142.3,9.3,0,0,0,1,0
P00246,24,4,3,3,4,89.3,154.9,96.0,1.14,87.1,9.4,0,1,0,0,0
P00247,73,5,0,6,2,66.3,143.0,97.6,1.1,165.5,12.3,0,0,0,1,1
P00248,48,3,0,6,4,103.7,172.6,98.9,0.97,71.9,14.9,0,0,0,0,0
P00249,75,1,2,5,3,109.3,91.9,96.3,0.79,126.9,15.3,1,0,0,0,0
P00250,21,1,1,6,2,61.0,143.6,93.4,0.94,70.8,14.5,1,0,0,0,0
P00251,31,15,3,5,3,79.7,130.7,94.8,1.53,119.6,12.7,0,0,0,0,0
P00252,54,5,3,6,2,100.6,132.9,97.2,1.2,165.1,15.9,0,0,0,0,1
P00253,31,3,2,4,4,75.4,104.7,97.2,0.42,150.0,11.6,0,0,1,0,0
P00254,42,5,0,5,3,87.7,135.9,90.6,0.4,172.6,12.3,0,0,0,0,0
P00255,66,5,1,6,3,58.5,135.0,94.7,0.43,111.4,10.2,0,0,0,0,0
P00256,28,1,2,5,0,71.0,114.2,93.8,0.54,165.9,12.3,0,0,0,1,0
P00257,67,9,1,3,4,86.3,126.6,98.6,0.71,93.8,11.3,0,0,0,0,0
P00258,25,4,0,7,0,73.7,101.7,93.9,0.82,104.4,16.1,1,0,0,0,0
P00259,30,5,2,6,2,77.0,120.1,94.6,0.97,130.9,15.7,0,0,0,0,0
P00260,60,12,2,6,0,60.8,147.2,94.5,0.98,163.3,13.1,0,1,0,0,0
P00261,75,1,1,8,1,91.2,147.6,98.4,0.98,100.4,13.9,0,0,1,0,0
P00262,30,2,2,6,2,63.2,143.4,98.9,1.67,156.3,11.8,0,0,0,0,0
P00263,39,6,1,7,5,103.6,147.2,97.5,0.47,135.4,7.9,0,0,0,0,0
P00264,85,8,4,4,2,72.4,147.5,99.3,1.16,140.2,11.5,1,0,0,0,0
P00265,90,3,1,2,3,93.2,115.1,99.7,1.16,86.5,14.5,0,0,0,0,0
P00266,60,3,2,8,1,91.8,134.8,90.6,0.57,107.7,13.9,0,0,0,0,0
P00267,50,7,0,2,2,68.2,149.7,97.8,1.27,120.8,12.2,0,0,0,0,0
P00268,43,17,0,7,1,73.9,100.4,94.9,1.18,140.2,14.5,0,0,0,1,0
P00269,62,5,0,6,3,75.6,100.3,92.2,0.98,88.7,12.1,0,0,0,0,0
P00270,61,2,0,2,1,76.5,99.2,95.0,0.4,66.9,10.7,1,0,0,0,0
P00271,39,2,4,4,2,63.8,92.3,98.2,1.54,50.0,14.5,0,1,0,0,0
P00272,19,4,2,6,3,89.5,107.0,100.0,1.11,158.6,11.8,0,0,0,0,0
P00273,29,8,3,5,1,72.4,117.5,92.0,1.2,167.5,15.1,0,0,0,0,0
P00274,87,22,3,5,3,80.4,158.2,97.9,0.4,50.0,9.0,0,0,0,0,1
P00275,48,4,0,11,1,96.1,119.3,100.0,0.79,128.4,11.9,1,0,0,0,0
P00276,53,5,1,6,2,90.0,97.7,100.0,0.52,108.0,14.2,0,0,0,1,0
P00277,52,13,1,2,1,73.3,131.3,85.6,1.79,179.8,14.0,0,0,0,0,0
P00278,75,6,1,5,3,96.6,124.2,100.0,0.61,115.5,12.6,0,0,0,0,1
P00279,22,5,2,1,5,91.3,112.4,98.9,1.95,149.5,13.6,1,0,0,0,0
P00280,24,12,0,3,2,72.1,116.2,89.1,1.54,105.9,13.3,1,0,0,0,0
P00281,38,5,3,4,3,74.8,149.3,93.7,1.1,94.1,10.0,0,0,0,0,0
P00282,53,2,1,4,4,96.0,99.8,99.8,1.67,159.5,12.3,0,0,0,0,0
P00283,66,10,2,4,2,92.9,94.7,97.1,0.65,173.5,13.5,0,0,0,0,1
P00284,53,1,2,6,4,61.0,137.3,94.3,0.71,67.9,14.0,1,0,1,0,0
P00285,50,9,0,4,3,67.9,115.7,96.2,1.51,176.4,12.9,1,0,0,0,0
P00286,86,5,0,6,4,91.7,159.0,97.6,0.66,81.1,11.9,0,1,0,1,0
P00287,29,4,0,11,2,65.6,124.9,94.3,0.55,50.0,10.3,0,0,0,0,0
P00288,59,4,0,9,0,93.3,126.0,95.6,0.87,125.5,14.5,0,0,1,0,0
P00289,57,4,1,7,6,109.1,143.7,98.7,0.67,147.8,14.3,0,0,1,0,1
P00290,52,3,4,6,0,87.2,94.6,93.9,2.32,56.8,15.0,0,1,0,0,0
P00291,76,6,0,7,1,69.1,134.8,91.9,1.42,50.0,10.8,1,0,0,0,0
P00292,37,3,0,8,4,84.5,120.7,94.1,0.77,102.7,13.2,1,1,0,1,1
P00293,87,5,3,3,1,96.5,148.5,93.3,0.64,96.7,11.6,1,0,0,0,1
P00294,42,1,1,5,2,83.4,115.1,94.2,1.16,186.6,13.1,0,0,1,0,0
P00295,57,5,1,4,3,88.8,131.5,90.8,1.71,125.5,18.0,0,0,0,0,0
P00296,56,3,1,4,1,70.8,120.8,96.7,1.14,158.1,14.8,0,0,0,0,0
P00297,80,9,0,3,2,71.9,136.3,98.6,0.65,134.4,11.5,0,0,0,0,1
P00298,50,4,2,7,1,94.7,123.0,93.6,0.52,195.6,12.5,0,0,1,0,0
P00299,38,8,1,9,2,72.0,133.2,94.0,0.84,84.9,12.3,0,0,0,0,0
P00300,19,7,0,4,0,45.8,163.1,95.4,1.15,121.0,13.2,0,0,0,0,0
P00301,44,7,0,3,5,77.7,122.3,93.3,0.81,54.4,10.0,0,0,0,0,0
P00302,78,4,0,7,5,86.4,136.1,99.0,1.57,161.5,13.6,0,0,0,0,0
P00303,18,5,0,7,3,96.8,173.7,93.3,1.27,175.1,8.8,1,0,1,0,0
P00304,83,6,2,5,2,105.0,135.8,94.4,1.11,164.3,9.7,0,0,0,0,0
P00305,57,5,2,8,2,83.2,79.3,93.7,1.26,119.4,17.0,0,0,0,0,0
P00306,28,4,1,5,0,91.2,114.7,99.0,0.54,58.0,12.3,0,0,0,0,0
P00307,40,2,1,6,2,83.7,103.9,95.3,0.8,121.1,15.9,0,0,0,0,0
P00308,58,5,2,6,2,87.0,146.4,100.0,0.63,94.5,11.4,1,0,0,0,0
P00309,41,1,1,9,1,79.4,126.1,97.1,1.19,166.5,8.8,0,1,0,0,0
P00310,25,1,4,7,4,87.4,149.3,99.5,0.63,105.8,10.9,1,0,0,0,0
P00311,66,2,3,5,5,71.8,140.2,95.0,1.04,104.8,18.0,0,0,0,0,0
P00312,67,7,0,2,1,109.7,140.1,93.2,0.93,222.8,10.2,0,0,1,1,0
P00313,26,6,1,4,2,48.5,103.5,95.9,1.31,161.0,16.6,1,0,0,0,0
P00314,38,7,3,9,1,90.0,138.1,94.0,0.58,173.4,13.7,0,1,0,1,1
P00315,35,3,0,10,1,86.5,155.3,90.0,1.23,102.0,13.2,0,0,0,0,0
P00316,66,9,1,6,0,87.2,99.1,99.0,0.62,75.5,11.5,0,1,0,0,0
P00317,71,1,0,7,1,65.4,121.7,96.1,0.65,173.0,11.2,1,1,0,0,0
P00318,71,2,0,8,3,58.5,135.1,93.9,0.94,192.1,14.1,0,0,0,0,0
P00319,86,9,1,10,2,90.5,130.0,97.1,1.71,67.1,15.6,1,0,0,1,0
P00320,74,5,1,8,3,100.8,156.7,96.1,0.68,101.7,13.4,0,0,0,0,0
P00321,41,7,0,7,2,85.1,142.6,100.0,0.45,83.9,14.5,0,0,0,0,0
P00322,25,6,0,1,0,93.3,136.1,97.3,0.65,146.7,12.1,0,0,0,0,0
P00323,62,3,2,5,5,75.6,144.4,95.5,0.84,173.9,17.3,0,0,0,0,0
P00324,84,2,0,6,5,86.6,143.3,98.1,2.32,108.4,13.5,0,1,0,0,0
P00325,89,1,3,13,2,99.2,128.8,95.9,1.19,108.3,17.1,0,0,0,0,1
P00326,34,14,2,8,1,77.6,120.9,96.6,0.71,50.0,11.1,0,1,1,0,0
P00327,35,1,1,9,2,98.6,147.8,99.7,0.94,82.1,12.9,0,0,0,0,0
P00328,20,11,1,11,2,59.1,113.1,92.5,2.03,192.8,15.1,0,0,0,0,0
P00329,28,5,0,6,4,73.4,126.6,93.4,0.9,147.2,13.3,1,0,0,0,0
P00330,58,6,2,3,2,89.6,104.9,94.7,0.9,166.7,14.0,0,0,1,1,0
P00331,57,5,2,9,1,108.6,142.6,95.2,0.83,108.6,11.0,1,0,1,0,0
P00332,45,7,1,6,1,82.2,152.7,99.5,1.37,112.7,12.2,0,0,0,0,0
P00333,40,2,1,5,4,67.5,109.3,91.8,0.79,125.8,11.2,1,0,0,0,0
P00334,78,1,0,2,0,108.3,124.9,95.9,1.48,139.6,12.8,0,0,0,0,0
P00335,51,3,1,3,1,80.2,118.4,94.3,1.61,186.9,12.6,0,0,0,0,0
P00336,77,6,1,5,0,91.3,149.5,100.0,1.32,94.7,11.9,1,1,0,0,0
P00337,88,2,0,4,2,77.3,156.3,98.7,0.9,118.8,14.3,1,0,0,0,0
P00338,41,9,1,10,1,84.0,118.4,96.7,0.53,89.3,10.9,1,0,0,0,0
P00339,32,4,1,4,1,74.1,75.0,98.9,0.9,50.0,8.7,1,0,0,0,0
P00340,87,2,1,6,1,113.6,151.1,92.0,0.74,166.4,11.9,0,0,0,0,0
P00341,64,5,2,11,1,98.7,128.9,100.0,0.7,203.6,17.3,1,0,0,0,0
P00342,39,6,3,9,3,106.8,129.0,93.5,0.9,159.4,14.0,1,1,0,0,1
P00343,63,7,4,6,3,71.0,147.3,99.8,1.24,135.4,11.3,1,1,1,0,0
P00344,55,9,2,10,4,56.4,120.7,97.7,0.76,208.4,13.9,0,0,0,1,1
P00345,84,1,0,9,1,77.9,115.4,96.8,0.54,145.6,12.7,1,0,0,0,0
P00346,36,9,1,5,4,117.2,120.9,99.6,0.65,161.1,13.8,0,0,0,0,0
P00347,90,10,3,6,0,77.5,137.8,99.0,2.14,131.3,14.8,0,0,0,0,0
P00348,86,2,1,8,1,96.7,145.6,96.3,1.28,138.2,13.4,1,0,0,0,0
P00349,31,2,1,10,1,67.7,160.7,94.7,0.65,119.0,13.2,0,0,0,0,0
P00350,30,8,1,4,2,70.4,136.1,96.4,1.79,162.5,16.0,1,1,0,0,0
P00351,56,3,2,6,3,80.9,125.1,95.7,0.9,75.9,14.1,0,0,0,1,0
P00352,21,11,0,6,1,111.5,145.7,97.1,2.79,143.9,13.4,0,1,0,1,0
P00353,39,13,0,6,1,97.4,108.6,99.1,1.13,86.6,13.1,0,0,0,0,0
P00354,49,2,2,5,3,53.3,156.4,97.4,1.29,147.9,11.9,0,0,0,1,0
P00355,88,2,0,1,6,91.3,132.2,96.6,1.46,232.7,10.5,0,1,0,0,0
P00356,90,5,1,6,2,65.9,123.4,94.0,1.95,156.5,14.3,1,0,0,0,0
P00357,29,1,1,4,1,72.5,108.6,97.0,0.82,177.8,15.6,0,0,0,0,0
P00358,83,1,1,2,1,89.1,140.5,90.9,1.88,165.6,13.9,0,0,1,0,0
P00359,24,2,1,6,3,101.6,122.4,93.6,0.76,50.0,14.1,0,0,0,0,0
P00360,72,15,2,13,1,100.9,126.1,97.8,0.85,119.1,11.2,0,0,0,0,0
P00361,79,6,1,7,3,86.6,94.6,98.7,1.0,145.2,11.8,0,0,0,0,0
P00362,83,3,2,5,4,86.8,119.3,95.9,1.51,50.0,10.4,0,0,0,0,0
P00363,34,2,3,6,2,100.8,116.6,96.6,0.86,112.2,12.5,1,0,0,0,0
P00364,83,2,1,9,1,59.9,136.4,97.1,2.1,121.4,15.0,0,0,0,1,1
P00365,26,3,2,2,9,107.6,122.6,98.0,1.82,69.6,11.6,1,0,0,0,1
P00366,55,3,1,8,1,71.7,75.0,95.4,1.02,81.4,12.9,1,1,0,1,0
P00367,52,4,0,6,6,85.6,119.7,93.1,0.65,185.2,14.4,0,0,0,0,0
P00368,41,7,2,4,1,75.1,98.9,97.2,1.57,50.0,15.4,1,0,0,0,0
P00369,19,4,3,1,2,65.8,107.1,100.0,0.4,137.2,9.7,1,0,0,0,0
P00370,74,8,2,5,4,88.5,148.1,93.2,1.4,177.4,12.0,0,0,1,0,0
P00371,42,4,0,5,2,85.3,94.2,95.6,0.69,123.8,11.5,0,0,0,0,0
P00372,66,13,0,4,3,80.5,133.9,94.8,1.76,188.4,11.2,0,0,0,0,0
P00373,47,8,0,6,4,79.9,117.9,100.0,0.54,105.8,12.2,0,0,0,0,0
P00374,45,5,1,5,3,103.4,114.0,93.1,0.74,84.3,9.1,0,1,0,0,0
P00375,82,7,1,9,4,112.7,108.4,95.5,1.22,124.6,12.3,0,0,0,0,0
P00376,24,3,0,8,1,99.5,134.4,94.9,1.31,107.8,13.1,0,0,0,0,0
P00377,71,4,1,4,1,85.9,136.6,92.2,0.75,99.3,10.9,0,0,0,1,0
P00378,72,4,1,6,1,59.1,93.5,92.1,0.86,116.9,12.0,0,0,0,0,0
P00379,45,3,0,4,6,90.8,151.0,97.7,1.54,89.4,13.0,1,0,0,0,0
P00380,37,1,0,9,0,91.4,104.3,98.1,1.57,87.3,13.2,0,0,0,0,0
P00381,18,7,1,0,2,92.8,135.8,94.3,0.85,74.5,9.7,0,1,0,0,0
P00382,86,9,1,3,2,66.0,104.4,100.0,0.76,143.7,14.4,0,0,0,0,0
P00383,87,6,2,8,3,93.9,118.8,89.2,0.54,80.0,14.4,0,0,0,0,0
P00384,35,4,1,3,3,103.9,102.4,92.2,1.12,69.1,11.5,0,0,0,0,0
P00385,20,17,2,6,3,68.2,117.4,93.5,1.44,76.7,16.4,0,0,1,0,1
P00386,26,3,2,5,1,91.6,124.0,96.0,1.07,134.3,13.9,0,0,0,1,0
P00387,22,6,2,4,2,70.6,105.0,94.6,0.66,155.1,13.6,0,0,0,0,0
P00388,78,10,2,8,0,80.5,134.3,95.4,2.23,158.8,14.4,0,0,0,0,1
P00389,83,2,1,6,2,68.7,136.9,97.5,0.4,134.6,10.9,0,0,0,0,0
P00390,29,7,2,4,7,77.1,182.1,100.0,1.48,149.1,12.3,0,0,1,0,0
P00391,72,14,0,3,0,77.2,146.6,98.4,1.1,122.5,14.2,0,0,0,0,0
P00392,31,5,3,2,1,87.8,151.5,96.2,1.23,145.5,11.4,0,0,0,0,0
P00393,44,5,1,6,3,94.5,92.6,95.8,0.7,144.8,12.3,1,0,1,0,0
P00394,61,3,1,6,1,99.0,88.8,99.3,0.93,92.2,14.2,0,0,0,0,0
P00395,70,6,2,8,1,72.9,122.1,100.0,1.14,76.6,13.6,1,0,0,0,0
P00396,81,2,1,9,4,87.0,163.7,97.9,0.96,185.8,13.0,1,0,0,0,1
P00397,21,4,0,9,2,66.6,177.5,94.5,0.45,130.6,13.1,0,0,0,0,1
P00398,32,1,2,4,2,80.5,114.2,96.8,2.16,172.3,12.7,1,0,0,0,0
P00399,38,1,2,7,2,82.6,116.3,97.7,1.34,75.5,14.7,0,0,0,0,0
P00400,40,3,1,5,0,69.1,138.9,94.3,1.02,106.8,17.2,1,1,0,0,0
P00401,90,3,0,10,2,89.8,124.1,98.6,1.05,63.1,13.6,1,0,0,0,0
P00402,74,3,0,1,2,79.8,124.6,96.8,2.13,154.1,15.6,0,0,0,1,0
P00403,41,8,3,4,4,84.2,140.7,99.5,0.72,97.3,12.1,0,0,0,0,1
P00404,88,9,1,3,5,99.1,182.3,93.1,0.65,100.1,11.6,0,0,0,0,0
P00405,54,6,1,9,1,76.0,154.1,90.8,1.47,213.0,11.4,0,0,0,0,0
P00406,54,7,1,6,3,93.9,165.4,94.8,1.23,155.0,11.2,0,0,0,0,0
P00407,49,3,3,3,1,102.2,91.1,96.1,0.63,154.4,12.4,0,0,0,0,0
P00408,28,2,2,7,5,101.3,149.5,90.6,1.63,70.9,14.8,0,0,0,0,0
P00409,86,7,2,8,2,79.4,109.0,94.2,1.14,50.0,15.0,0,1,0,0,1
P00410,19,2,1,10,2,68.4,161.5,99.9,0.67,168.7,12.0,1,0,0,0,0
P00411,30,2,0,3,1,72.1,155.1,97.6,1.25,50.0,12.4,0,0,0,0,0
P00412,34,23,1,3,3,59.8,140.1,96.4,1.17,102.4,13.0,0,0,0,0,0
P00413,38,5,1,7,4,91.6,113.1,92.8,0.96,88.5,13.5,1,0,1,0,0
P00414,27,3,0,7,1,92.5,118.3,99.8,1.19,83.4,14.2,1,0,0,0,0
P00415,19,3,1,9,6,83.6,119.9,94.7,1.33,105.2,12.2,0,1,0,0,0
P00416,67,1,1,9,1,62.7,143.2,96.3,1.51,77.5,12.6,0,0,0,0,0
P00417,88,6,3,3,4,76.9,136.1,97.2,1.05,70.3,15.7,0,0,1,0,0
P00418,26,4,0,7,1,101.3,156.4,96.5,0.89,136.5,12.4,0,0,0,0,0
P00419,39,9,0,2,5,90.5,160.2,100.0,1.11,173.0,11.9,0,0,0,1,0
P00420,54,7,2,4,2,93.0,111.1,97.7,1.71,50.0,12.8,1,1,1,1,0
P00421,85,4,2,6,4,128.3,137.5,97.0,1.33,133.8,13.2,0,1,0,0,1
P00422,68,1,0,12,3,86.6,137.3,95.7,0.86,149.4,9.9,0,0,0,0,0
P00423,73,5,1,7,2,51.8,126.1,97.3,1.03,145.1,12.1,0,1,0,1,0
P00424,60,5,2,4,1,66.6,146.8,95.4,2.12,115.0,13.8,0,1,0,0,0
P00425,48,1,2,2,2,86.3,137.8,96.6,1.4,98.1,17.0,0,0,0,0,0
P00426,32,6,1,7,0,82.3,116.5,95.0,1.07,159.1,11.9,1,1,0,0,0
P00427,81,2,2,4,2,79.6,125.2,94.5,1.67,140.1,14.5,1,0,0,0,1
P00428,76,9,1,6,1,79.8,121.0,93.3,0.78,50.0,13.4,0,0,0,0,0
P00429,19,4,1,7,3,71.0,113.4,95.2,1.16,115.1,15.3,1,0,0,0,0
P00430,70,3,1,10,2,87.2,126.3,95.0,2.33,127.5,11.8,0,0,0,0,0
P00431,24,5,0,9,1,101.5,102.1,100.0,1.34,75.8,15.2,0,1,0,0,0
P00432,71,5,0,4,3,106.3,137.5,99.0,2.07,114.0,15.8,1,0,0,1,0
P00433,78,5,0,4,1,105.9,156.1,95.6,0.96,147.1,15.9,1,0,1,1,0
P00434,27,8,0,5,2,68.6,129.0,94.7,0.81,87.8,15.9,0,0,0,0,0
P00435,49,6,2,4,3,81.7,146.9,97.8,1.69,135.5,13.4,0,0,0,1,0
P00436,27,3,1,2,2,77.6,131.1,100.0,0.44,80.5,14.2,0,0,0,0,0
P00437,59,4,0,8,1,90.3,107.6,98.4,1.08,69.3,12.2,0,0,0,0,0
P00438,85,11,0,9,2,80.8,168.1,90.8,1.59,152.7,8.6,0,0,1,0,1
P00439,23,2,2,3,5,78.8,79.6,98.6,1.29,177.8,13.5,0,0,0,0,0
P00440,47,6,2,3,4,102.4,128.2,99.1,0.4,71.7,12.7,1,1,0,0,0
P00441,89,9,0,1,4,83.4,112.6,100.0,0.55,167.9,14.9,0,0,1,1,1
P00442,39,7,0,3,1,83.7,159.6,95.3,0.95,124.4,14.7,0,0,0,0,0
P00443,27,5,3,6,1,87.8,132.3,96.4,1.24,50.0,10.9,0,0,0,1,0
P00444,53,5,3,7,4,91.5,179.1,97.4,1.26,60.4,17.7,1,0,0,0,0
P00445,55,7,0,8,7,91.5,128.7,93.7,1.0,152.4,13.8,1,0,0,0,1
P00446,66,2,0,2,4,103.7,112.8,93.4,1.39,51.9,10.4,1,0,0,0,0
P00447,40,5,2,3,2,64.0,93.8,97.2,1.22,97.2,10.7,0,0,0,0,0
P00448,87,17,1,3,1,86.5,150.1,91.4,0.94,121.3,8.6,1,0,1,1,1
P00449,56,6,1,7,2,80.6,111.3,92.0,1.27,145.2,14.5,1,0,0,0,1
P00450,38,5,0,4,1,77.8,119.6,98.4,0.75,133.3,11.9,0,0,0,0,0
P00451,88,3,2,3,1,92.6,152.6,97.5,1.33,195.6,11.3,0,1,0,0,1
P00452,85,2,0,1,0,100.2,149.1,99.7,0.68,88.3,11.7,0,0,0,0,0
P00453,54,6,0,10,0,73.7,115.8,97.4,1.25,129.4,12.4,0,0,0,0,0
P00454,19,6,0,3,1,105.6,118.9,96.0,1.23,145.4,14.2,1,0,0,0,0
P00455,61,4,0,8,2,62.0,92.9,99.9,0.87,157.1,9.7,1,0,0,0,0
P00456,58,21,0,4,3,90.3,86.9,94.7,1.33,172.3,10.9,0,0,0,0,0
P00457,28,3,3,2,4,69.5,143.3,95.0,2.0,105.5,13.9,0,0,0,0,0
P00458,64,2,2,4,6,73.0,145.5,95.8,0.63,154.3,11.8,0,0,0,0,0
P00459,79,4,1,5,1,82.8,135.1,97.4,1.54,83.3,14.2,1,0,0,0,0
P00460,25,4,1,3,4,76.4,131.7,95.8,1.63,121.5,12.0,0,0,0,0,0
P00461,70,2,1,7,2,45.0,113.9,91.5,0.91,147.6,16.1,0,0,1,1,0
P00462,28,5,3,5,1,90.6,157.4,95.2,1.43,168.9,13.4,0,0,1,0,0
P00463,72,6,2,4,3,92.9,92.3,95.9,0.89,150.7,15.5,0,0,0,0,0
P00464,48,7,3,3,2,79.7,118.6,96.3,1.76,129.1,14.0,0,1,0,0,0
P00465,18,3,2,7,2,78.6,131.2,94.7,0.4,121.4,14.2,1,0,0,0,0
P00466,88,11,0,3,3,76.8,128.0,97.5,1.92,149.7,11.5,0,0,0,0,0
P00467,30,7,0,6,4,58.0,128.0,91.2,0.61,223.5,15.3,0,0,0,1,0
P00468,61,3,0,4,3,56.6,117.6,97.2,1.04,163.5,13.4,0,0,0,0,0
P00469,31,2,2,8,0,93.3,138.8,100.0,0.69,142.2,11.1,0,0,0,0,0
P00470,86,4,1,6,3,96.9,103.7,94.2,1.96,63.4,8.8,0,0,0,0,0
P00471,71,6,3,8,1,90.4,125.1,96.2,0.9,87.0,13.3,0,0,0,0,0
P00472,76,7,1,5,2,87.3,136.6,95.3,0.78,110.4,16.0,0,0,0,0,0
P00473,49,7,0,6,1,93.0,121.3,95.3,1.66,166.0,11.2,0,0,1,0,0
P00474,52,16,1,5,0,92.0,128.1,92.9,1.39,82.8,11.1,0,0,0,1,1
P00475,64,1,1,5,4,71.0,132.3,100.0,0.86,153.9,12.4,0,0,0,0,0
P00476,75,4,4,6,2,85.1,92.8,97.2,0.64,130.4,15.2,0,0,0,0,1
P00477,79,15,0,10,2,77.9,94.7,94.0,0.6,141.0,9.3,1,0,0,0,0
P00478,19,8,2,5,2,78.0,130.7,93.6,1.77,115.3,11.7,0,0,0,0,0
P00479,66,2,1,6,1,98.0,115.8,96.2,1.21,98.2,11.0,1,0,1,0,1
P00480,25,5,0,8,3,104.0,117.0,89.5,1.08,81.2,14.1,1,0,0,0,0
P00481,39,4,1,10,4,49.2,139.4,99.2,1.25,152.5,12.7,0,0,0,0,0
P00482,78,4,3,5,2,78.4,108.2,94.5,0.42,121.5,12.3,0,0,0,0,0
P00483,36,3,1,3,5,77.7,79.7,97.2,0.86,76.5,12.6,1,0,0,0,0
P00484,76,5,2,7,2,98.3,161.1,97.3,0.87,135.0,14.6,0,1,0,0,1
P00485,51,9,0,6,2,61.7,152.2,98.9,1.56,279.0,15.2,0,0,0,0,0
P00486,34,3,2,5,1,45.0,151.9,97.5,0.52,115.9,15.0,0,0,0,0,1
P00487,42,7,0,9,1,93.5,105.6,98.2,1.61,199.4,14.2,1,0,0,0,0
P00488,56,8,0,6,3,95.5,126.5,99.1,2.24,50.0,15.8,0,1,0,0,1
P00489,73,11,2,5,2,57.0,102.6,95.0,0.46,112.8,11.1,1,0,0,0,0
P00490,62,2,1,5,3,80.3,126.8,100.0,1.01,168.0,13.8,0,0,0,0,0
P00491,86,5,1,6,1,103.4,121.0,97.1,1.25,125.7,17.7,0,0,0,0,1
P00492,81,3,1,6,4,66.9,106.4,95.9,1.48,96.1,9.3,0,0,0,0,1
P00493,72,5,0,5,4,83.4,138.1,93.5,0.4,123.8,11.9,0,0,0,0,0
P00494,62,5,2,7,2,89.1,122.8,95.4,1.16,169.3,10.9,0,0,0,0,0
P00495,39,2,3,8,4,62.0,162.5,97.2,0.91,221.5,13.6,1,0,0,1,0
P00496,48,5,1,4,1,74.1,129.7,96.3,0.88,172.9,15.9,1,0,0,0,0
P00497,26,17,0,3,5,58.3,77.0,100.0,2.54,102.3,14.1,0,0,1,0,1
P00498,45,7,0,5,1,79.7,91.8,94.8,0.91,114.5,12.6,0,0,0,0,0
P00499,85,2,0,4,1,70.9,169.9,98.0,1.22,114.9,14.1,0,0,0,0,0
P00500,49,2,3,6,1,84.9,120.8,92.6,0.95,86.0,12.4,0,0,0,0,0
P00501,26,5,2,3,4,90.9,132.8,100.0,1.11,118.0,13.4,1,0,0,0,1
P00502,65,2,2,6,2,101.4,128.2,92.4,1.28,112.7,14.2,0,0,0,0,0
P00503,88,10,2,3,5,114.7,156.3,100.0,1.49,71.0,16.5,1,0,0,1,0
P00504,81,1,1,9,0,84.9,89.9,95.6,0.7,162.7,13.9,0,0,0,0,1
P00505,38,7,4,6,5,77.6,154.6,89.3,1.07,143.9,13.4,0,0,0,0,1
P00506,51,1,2,6,5,76.8,153.2,100.0,1.09,96.2,17.1,0,0,0,0,0
P00507,56,4,2,6,1,68.5,128.1,96.2,0.48,131.7,9.1,0,1,0,0,1
P00508,36,2,2,6,1,88.3,136.3,94.6,0.65,81.6,12.8,0,0,0,1,0
P00509,37,7,0,9,2,75.1,120.6,97.9,1.49,100.1,11.5,0,0,0,1,0
P00510,35,9,0,4,6,89.3,94.3,98.0,0.81,155.9,12.5,0,0,1,0,0
P00511,90,6,1,3,2,68.9,139.6,97.2,3.24,146.2,14.2,0,1,1,0,1
P00512,72,9,0,5,5,75.5,132.9,99.4,1.54,101.9,15.0,0,0,0,0,1
P00513,79,1,0,2,2,88.1,133.3,96.8,1.23,139.0,12.0,1,0,0,1,0
P00514,77,5,0,1,2,80.3,137.6,97.9,1.97,121.7,14.3,1,0,0,0,0
P00515,88,6,2,6,2,55.1,115.9,94.4,1.42,80.1,11.2,0,0,1,0,1
P00516,25,7,0,8,1,81.8,157.9,98.3,1.09,117.5,10.4,0,0,0,0,0
P00517,82,6,0,5,3,70.8,128.2,94.4,0.53,144.4,13.1,0,0,0,0,0
P00518,22,7,0,5,2,98.5,138.8,92.6,1.35,138.8,12.6,1,1,0,0,0
P00519,52,5,1,3,5,95.6,122.6,95.4,1.87,50.0,16.0,1,0,0,0,0
P00520,61,2,2,7,4,50.0,149.0,95.2,0.77,132.5,17.3,1,1,0,0,0
P00521,44,3,1,7,2,93.2,130.1,98.8,0.44,126.1,11.8,0,0,0,0,0
P00522,28,10,0,5,4,87.5,126.3,91.6,0.62,50.0,9.4,1,1,1,0,1
P00523,32,10,2,5,0,61.2,152.1,99.3,2.21,88.6,10.3,0,0,0,1,1
P00524,78,6,2,2,2,94.3,93.5,94.1,1.04,147.1,11.3,0,0,0,0,0
P00525,41,7,1,2,3,64.1,122.4,88.6,1.93,187.3,13.4,1,0,0,0,0
P00526,40,9,0,7,0,98.0,115.7,92.4,1.01,51.2,12.5,0,0,0,0,0
P00527,85,6,0,6,2,73.0,135.5,95.1,0.8,169.1,10.5,0,0,0,0,0
P00528,28,10,2,5,0,60.7,134.3,97.3,2.61,50.0,16.6,1,0,0,0,1
P00529,84,10,0,10,4,111.7,127.8,95.6,0.85,187.9,14.3,1,0,1,1,1
P00530,85,20,2,4,0,60.4,113.7,92.4,0.89,114.3,16.5,0,0,0,0,0
P00531,61,3,1,4,2,70.7,127.5,93.7,1.23,92.8,9.4,0,0,0,0,0
P00532,30,3,2,6,1,73.5,134.5,92.4,0.88,141.0,15.5,0,0,0,0,1
P00533,29,6,0,4,3,75.6,124.4,96.8,1.42,81.7,12.7,0,0,0,0,0
P00534,38,15,1,7,1,91.8,150.2,95.7,1.22,148.2,12.2,0,0,0,0,1
P00535,60,11,1,5,2,82.8,140.2,97.8,1.24,119.4,13.0,0,1,0,0,1
P00536,29,8,5,5,1,96.1,128.4,90.7,0.76,50.0,11.6,0,0,1,0,0
P00537,51,11,1,8,0,87.2,81.1,94.4,0.47,88.5,12.7,1,0,0,0,0
P00538,26,7,2,2,2,58.6,123.6,100.0,0.69,133.6,14.9,0,0,0,0,0
P00539,57,4,0,3,0,89.7,140.6,97.9,0.72,173.0,9.1,0,0,0,0,0
P00540,19,17,1,8,2,85.3,122.4,95.1,1.14,139.9,16.0,0,0,0,0,0
P00541,69,6,1,8,2,73.3,134.1,93.0,0.69,172.3,13.8,1,1,0,0,0
P00542,22,10,2,8,1,111.0,123.5,99.3,0.52,84.8,12.8,1,0,0,0,0
P00543,32,1,0,5,5,90.5,132.6,100.0,0.6,157.7,14.9,0,0,1,0,0
P00544,30,1,2,6,5,95.2,156.0,92.6,1.19,158.5,13.7,0,0,1,1,1
P00545,78,5,2,3,3,95.7,143.7,92.8,1.36,51.6,12.0,0,0,0,0,0
P00546,21,2,3,7,1,76.1,102.1,96.8,0.8,174.5,11.5,0,1,0,1,0
P00547,49,6,1,2,2,90.9,94.8,97.1,0.84,139.7,16.0,0,1,0,0,1
P00548,61,3,4,3,4,86.4,136.9,97.4,1.32,112.3,10.0,0,0,0,1,0
P00549,55,22,3,6,2,74.2,151.4,100.0,1.08,111.6,12.6,1,0,0,0,1
P00550,67,9,1,7,0,64.9,94.8,93.1,1.71,78.3,10.2,0,0,0,0,0
P00551,76,12,3,8,3,82.3,123.8,96.1,0.93,153.4,14.0,1,0,0,0,1
P00552,46,1,2,5,2,90.2,175.5,98.2,0.69,138.6,12.8,1,0,0,0,0
P00553,78,8,3,5,6,82.2,122.6,98.1,1.63,151.2,10.5,1,0,0,1,1
P00554,41,4,1,7,2,79.4,178.5,94.1,0.87,128.6,11.3,0,0,0,1,0
P00555,89,12,0,6,1,82.4,111.5,94.2,0.7,134.3,13.1,0,0,0,0,1
P00556,54,7,1,4,3,78.0,115.1,94.6,1.49,111.7,13.6,0,0,0,0,0
P00557,71,5,2,6,1,103.7,113.9,100.0,1.92,173.5,9.1,0,0,0,0,0
P00558,81,2,2,10,1,85.8,102.4,93.1,1.09,152.3,11.6,0,0,0,0,0
P00559,75,5,2,9,3,75.2,94.2,95.0,0.64,132.8,13.3,0,0,0,0,0
P00560,80,10,0,0,6,56.7,123.6,98.3,2.0,118.9,15.4,0,1,0,0,0
P00561,57,12,2,7,3,79.2,130.9,92.7,1.18,50.0,14.7,0,0,0,0,0
P00562,21,4,1,4,4,73.9,113.7,96.8,1.1,50.0,12.1,0,0,0,0,0
P00563,53,20,1,4,0,73.4,118.5,90.3,0.83,108.4,15.0,0,0,0,0,1
P00564,31,10,2,3,2,95.2,156.9,96.6,1.66,182.1,12.4,0,0,0,0,0
P00565,82,2,0,4,1,83.1,147.4,96.2,0.61,93.3,6.8,0,0,1,0,0
P00566,35,2,1,6,0,58.4,122.8,96.5,0.58,95.1,15.9,0,0,0,0,0
P00567,34,4,2,5,1,90.7,136.6,93.4,2.35,81.2,13.9,1,0,0,0,0
P00568,36,4,1,3,2,59.9,95.3,96.7,0.68,66.9,13.4,1,1,0,0,0
P00569,64,7,0,7,2,91.7,133.4,95.9,1.54,83.9,13.0,1,0,0,0,0
P00570,59,5,3,4,1,75.3,126.8,99.9,1.86,137.5,13.6,0,0,0,0,0
P00571,87,4,1,8,3,83.2,120.5,97.9,1.1,102.9,13.0,1,0,1,0,1
P00572,48,1,3,4,1,81.7,128.7,91.7,0.67,100.8,12.4,1,0,0,0,0
P00573,38,7,2,2,0,79.9,125.4,93.5,1.33,96.8,11.7,1,0,1,1,0
P00574,21,1,3,6,3,84.9,101.7,94.2,1.87,135.7,13.2,0,0,0,0,0
P00575,18,10,2,5,3,83.1,161.6,96.5,1.17,142.6,11.2,1,0,1,0,0
P00576,45,1,1,11,1,108.2,147.0,95.5,0.71,50.0,10.7,0,0,0,0,0
P00577,85,1,5,5,6,85.1,120.2,95.5,1.15,90.8,13.5,0,1,0,0,1
P00578,56,2,1,2,4,85.5,92.8,100.0,0.54,121.0,15.0,0,0,0,0,1
P00579,83,3,2,5,2,72.1,78.9,94.5,0.65,144.8,11.4,0,0,0,0,0
P00580,25,3,1,4,1,87.3,168.1,100.0,0.89,130.7,11.8,1,0,0,0,1
P00581,24,3,0,6,1,67.7,124.5,95.6,1.03,162.0,9.6,1,0,0,0,0
P00582,78,6,1,3,0,98.1,143.3,89.5,0.58,61.5,10.4,0,0,0,0,0
P00583,25,2,0,8,7,61.2,109.0,96.6,1.12,143.7,10.4,0,0,0,0,0
P00584,21,6,0,0,4,70.2,121.9,99.4,1.26,217.3,14.9,0,0,0,0,0
P00585,47,1,1,6,3,59.2,122.9,97.9,0.91,127.1,9.5,0,0,1,0,0
P00586,85,2,1,5,3,87.9,132.8,96.8,0.4,129.0,13.9,0,1,0,0,1
P00587,68,1,1,9,7,76.1,129.8,96.1,1.05,148.4,12.5,0,0,0,0,1
P00588,25,10,1,8,2,91.6,109.6,94.5,2.26,100.5,14.2,0,0,0,0,1
P00589,79,3,1,4,1,68.3,109.3,98.7,1.23,82.4,15.3,0,0,0,1,0
P00590,79,7,1,5,1,89.4,126.4,94.7,1.01,127.6,12.9,0,0,0,0,0
P00591,76,1,1,4,1,90.1,92.9,94.1,0.85,50.6,15.3,0,0,0,0,0
P00592,83,12,1,7,0,85.0,111.5,97.2,1.3,142.8,16.1,0,0,0,0,0
P00593,35,5,2,2,4,82.4,124.9,95.1,1.1,150.4,15.7,1,0,0,0,0
P00594,89,5,0,2,1,83.9,135.9,99.8,1.37,52.8,11.7,0,0,0,0,0
P00595,41,1,0,4,1,69.3,158.1,97.4,0.61,132.3,9.1,0,0,1,0,0
P00596,76,2,3,4,0,66.9,118.5,93.7,1.06,115.3,12.8,0,0,1,0,1
P00597,60,4,0,3,2,89.6,128.7,92.6,0.81,191.5,13.4,1,1,0,0,0
P00598,74,2,1,9,3,76.8,90.7,94.3,1.18,183.9,9.1,0,1,0,1,0
P00599,63,9,2,2,3,88.3,134.7,100.0,0.42,162.9,13.1,0,0,1,0,0
P00600,64,5,0,8,1,103.7,109.8,95.3,0.84,179.5,7.9,0,0,0,0,0
P00601,62,2,0,4,3,75.6,121.8,98.3,1.28,108.6,16.1,0,0,0,0,0
P00602,74,8,1,5,1,73.6,137.5,92.1,1.37,136.7,14.0,1,0,0,1,0
P00603,71,3,1,9,4,77.5,138.4,92.8,0.99,113.6,11.4,1,0,0,0,0
P00604,27,8,1,5,4,82.5,98.9,95.4,0.4,80.1,13.3,0,0,0,0,0
P00605,78,3,2,8,2,90.6,144.0,100.0,1.33,128.7,13.5,0,1,0,0,1
P00606,57,7,1,7,3,81.6,127.2,92.1,2.04,121.3,14.0,0,0,0,0,0
P00607,41,3,1,10,3,111.1,153.3,94.1,0.69,115.9,13.1,1,0,0,0,0
P00608,55,9,3,4,3,87.9,157.2,98.7,0.83,122.3,14.9,0,0,0,0,1
P00609,88,1,2,7,4,92.9,160.1,100.0,1.44,127.7,10.5,1,0,0,0,0
P00610,80,2,0,6,0,81.5,99.5,97.3,1.45,165.0,12.7,1,0,0,0,0
P00611,78,4,2,6,1,96.2,136.0,98.0,1.64,98.7,16.6,0,0,0,0,0
P00612,51,3,3,7,6,79.1,96.5,93.3,1.58,67.4,12.3,0,0,0,0,0
P00613,75,3,0,2,3,73.0,154.0,92.0,0.5,155.5,13.5,0,1,0,0,0
P00614,46,7,0,4,1,94.7,156.9,92.6,0.81,163.5,11.0,0,1,0,0,0
P00615,68,3,1,6,2,81.2,147.6,93.4,1.33,141.1,17.3,1,1,0,1,0
P00616,64,6,2,5,4,85.4,119.5,96.7,0.96,73.8,13.6,0,0,0,0,0
P00617,36,2,0,1,0,95.7,138.9,92.3,1.18,119.1,10.5,0,1,0,0,0
P00618,37,1,1,8,3,83.9,117.0,96.8,0.94,137.8,15.2,0,0,0,0,0
P00619,22,8,1,5,2,79.9,128.3,95.1,0.82,76.9,10.9,0,0,0,0,0
P00620,28,14,2,6,3,74.5,126.2,94.3,0.9,90.6,14.4,0,0,0,0,0
P00621,49,5,0,3,1,96.9,88.0,98.7,0.6,118.4,15.1,1,1,0,0,0
P00622,52,4,0,5,2,77.2,111.8,93.1,0.72,178.2,17.1,0,0,0,1,0
P00623,30,5,2,6,3,81.3,173.4,100.0,0.97,135.1,13.4,0,1,0,0,1
P00624,48,11,0,8,3,86.0,126.3,98.5,0.98,99.2,13.1,1,1,0,0,1
P00625,62,5,1,9,4,86.0,131.2,93.0,1.29,115.9,8.9,0,1,0,0,1
P00626,34,8,2,4,3,96.2,127.8,99.6,0.88,95.0,12.1,0,0,0,0,0
P00627,42,8,1,4,2,81.0,119.8,92.7,2.13,106.5,11.6,1,0,0,0,0
P00628,44,9,2,5,3,101.3,128.7,99.9,1.74,157.5,12.6,0,0,0,0,0
P00629,54,4,2,7,1,78.5,119.9,97.0,0.8,50.0,12.0,1,0,0,0,1
P00630,44,3,2,4,0,87.2,82.3,91.3,1.09,184.2,14.6,1,0,1,0,0
P00631,71,7,1,7,1,79.4,143.7,92.1,1.73,223.5,11.9,0,0,0,0,1
P00632,41,9,1,0,1,111.3,160.3,94.8,0.75,132.3,14.0,0,0,0,1,0
P00633,49,10,2,15,0,77.1,104.7,98.6,0.71,87.6,12.8,1,1,0,0,0
P00634,45,12,0,5,2,78.4,119.7,95.5,1.79,177.3,11.8,0,0,0,0,0
P00635,31,8,1,4,2,83.6,158.0,95.4,1.36,137.5,11.6,1,0,0,0,0
P00636,68,3,1,13,2,78.3,112.6,96.1,1.62,101.3,13.5,1,0,0,0,0
P00637,35,5,2,6,3,86.4,135.8,90.0,1.15,81.3,15.7,0,1,0,0,1
P00638,39,5,1,4,2,99.2,210.0,98.5,0.89,106.7,11.5,0,0,0,0,0
P00639,75,5,0,3,2,84.1,140.6,100.0,0.55,133.7,13.1,0,0,0,0,0
P00640,87,7,2,4,1,84.6,129.4,98.4,1.06,165.3,14.0,0,0,0,0,1
P00641,66,4,1,6,3,78.8,145.6,94.7,1.74,137.8,13.0,0,0,0,0,0
P00642,84,4,3,1,2,74.9,143.5,93.3,1.75,145.4,9.5,0,0,0,0,1
P00643,80,15,2,5,4,83.4,114.8,92.8,1.62,110.0,14.0,0,1,0,1,0
P00644,53,4,0,4,0,82.1,93.3,92.6,1.43,163.5,10.0,0,1,0,0,1
P00645,74,9,1,7,1,98.4,139.9,100.0,2.7,115.7,10.0,0,1,0,1,0
P00646,41,10,1,8,4,68.6,142.9,95.8,0.5,207.7,10.4,1,0,0,0,1
P00647,51,6,1,6,0,102.4,122.0,98.7,1.11,95.6,12.7,1,1,0,0,0
P00648,57,4,2,7,5,79.9,160.9,98.5,0.66,142.8,11.1,0,0,0,0,0
P00649,88,2,2,6,4,84.1,156.9,96.4,2.01,223.5,10.1,0,0,0,0,0
P00650,79,1,0,7,2,67.1,143.5,93.2,0.78,171.9,13.8,1,0,0,0,0
P00651,53,7,2,3,3,89.9,122.4,97.6,1.57,158.5,12.9,0,0,0,0,0
P00652,65,6,1,4,1,68.6,86.2,92.8,0.82,138.4,14.5,1,0,0,0,0
P00653,32,8,0,8,2,87.2,124.5,97.8,1.21,127.4,11.5,0,0,0,1,0
P00654,76,3,1,2,2,85.9,91.3,92.9,0.95,117.2,12.9,0,1,0,0,0
P00655,58,16,0,6,2,77.4,80.9,94.7,0.99,99.7,14.6,0,0,0,0,0
P00656,56,7,1,9,0,53.1,140.9,94.7,1.16,55.9,10.4,0,0,0,0,0
P00657,73,4,0,1,3,112.2,151.4,100.0,1.51,153.8,11.7,1,1,0,0,1
P00658,64,1,3,5,5,67.2,89.0,88.7,0.95,55.8,15.0,1,0,0,0,1
P00659,23,3,1,7,2,85.8,122.9,100.0,1.49,154.3,13.0,0,0,0,0,0
P00660,39,8,1,7,3,71.8,127.7,93.6,1.6,111.1,12.7,0,0,0,0,1
P00661,30,12,0,1,5,96.7,122.2,95.6,0.83,82.0,12.9,0,0,0,0,0
P00662,71,5,3,3,4,76.7,100.4,97.2,2.34,188.3,15.4,1,0,0,0,1
P00663,20,13,0,8,2,71.5,154.6,97.0,1.4,59.8,13.0,0,0,0,0,1
P00664,32,2,2,8,2,90.3,101.0,98.5,0.82,95.0,13.1,0,0,0,0,0
P00665,61,6,0,5,1,64.2,89.0,97.8,1.32,99.2,13.0,0,0,0,0,1
P00666,68,6,0,5,1,76.2,100.5,100.0,1.6,131.7,9.8,0,0,0,0,0
P00667,54,7,2,3,2,91.7,137.6,98.2,1.3,97.4,14.0,1,0,0,0,1
P00668,80,5,0,5,2,103.1,122.7,95.6,1.1,190.8,11.4,1,0,1,1,0
P00669,85,6,0,3,0,68.5,112.6,94.3,0.4,63.3,10.5,1,0,0,0,0
P00670,27,2,0,5,2,73.4,138.6,94.3,0.65,308.8,9.5,0,0,0,0,0
P00671,87,11,1,8,2,86.9,134.7,99.9,1.36,77.4,9.9,1,0,0,0,1
P00672,62,9,4,3,2,54.0,81.9,100.0,0.64,258.0,8.5,0,1,0,0,0
P00673,64,6,0,6,1,101.0,138.4,99.0,1.26,174.2,10.9,0,0,0,0,0
P00674,24,9,1,5,0,68.0,151.6,86.5,1.49,120.0,12.1,0,0,0,0,0
P00675,63,11,0,5,2,75.9,125.5,89.3,0.95,135.2,15.1,0,0,0,0,0
P00676,70,7,1,4,2,85.7,123.3,96.0,0.45,108.0,13.1,1,0,0,1,0
P00677,60,17,0,13,2,82.7,165.9,95.5,0.72,140.6,13.5,1,0,0,0,1
P00678,24,8,2,8,3,68.5,113.8,96.1,1.36,91.8,15.6,0,0,0,0,0
P00679,56,2,1,4,2,106.1,124.7,99.8,1.76,156.9,7.3,0,0,0,0,0
P00680,86,6,0,6,3,45.9,134.6,99.6,0.4,133.2,13.8,0,0,0,0,0
P00681,70,9,1,4,3,66.3,129.0,96.5,1.04,80.5,13.6,0,0,0,0,0
P00682,28,11,1,2,5,73.1,122.6,91.4,0.52,144.2,14.6,0,0,0,0,0
P00683,88,5,1,5,2,68.7,129.8,92.3,1.04,141.4,9.4,1,0,0,0,0
P00684,87,2,1,2,3,99.1,159.4,96.2,0.93,92.7,11.9,0,0,1,0,0
P00685,30,4,3,8,2,58.8,144.2,97.3,2.89,105.8,11.1,1,0,0,0,0
P00686,76,1,2,4,3,103.8,126.5,92.3,0.78,148.1,10.4,1,0,0,0,0
P00687,47,8,2,9,3,78.1,110.7,98.0,1.6,174.1,17.6,0,0,0,0,1
P00688,61,3,4,4,2,62.9,113.4,90.7,1.57,118.6,11.9,0,0,0,0,0
P00689,50,3,0,4,2,52.6,147.0,88.0,0.92,166.9,14.9,0,0,0,0,0
P00690,75,9,2,7,2,79.0,96.1,93.4,1.05,177.5,14.4,0,0,0,0,0
P00691,90,13,2,8,1,72.2,176.1,100.0,1.0,183.6,10.1,1,0,0,0,1
P00692,76,3,1,6,3,85.3,127.4,100.0,0.72,143.8,11.9,0,0,0,1,0
P00693,85,5,0,8,2,75.7,100.4,91.2,0.69,84.4,13.1,1,0,0,0,0
P00694,87,4,1,7,3,95.4,131.6,91.4,0.83,165.1,13.8,0,1,0,0,0
P00695,24,12,1,1,5,80.0,112.0,98.3,0.6,116.4,13.7,0,0,0,0,1
P00696,36,5,1,8,3,76.1,119.6,94.7,0.8,147.8,16.5,0,0,0,0,0
P00697,70,2,0,5,2,95.6,97.8,100.0,0.92,96.7,14.8,1,0,0,0,0
P00698,61,5,1,3,2,85.2,123.2,98.2,1.08,98.0,14.3,0,0,0,1,0
P00699,21,10,0,5,0,92.8,85.5,98.7,1.22,93.4,14.9,1,1,0,0,1
P00700,24,4,0,8,1,98.1,116.0,93.5,0.92,65.4,15.7,0,0,0,0,0
P00701,55,3,0,8,3,77.9,111.5,97.3,0.71,98.6,11.8,0,1,0,0,0
P00702,62,4,1,10,6,82.5,118.0,100.0,1.21,78.5,9.8,0,0,0,0,1
P00703,30,2,1,7,1,93.8,112.7,96.4,1.43,150.5,11.8,0,0,0,0,0
P00704,30,4,2,7,3,47.7,128.7,95.9,0.8,77.1,10.3,0,1,0,0,0
P00705,27,3,2,6,4,80.6,145.8,94.7,0.64,94.9,11.0,0,0,0,1,0
P00706,59,19,4,3,5,78.9,135.2,91.2,0.82,125.1,13.2,0,0,0,0,1
P00707,18,1,2,4,1,87.2,154.0,92.7,0.92,206.6,11.9,0,0,0,0,0
P00708,59,2,0,7,5,70.8,118.0,93.3,1.67,93.9,14.3,0,0,1,0,1
P00709,52,3,0,4,3,97.3,134.5,91.1,1.37,62.8,13.6,0,0,0,0,0
P00710,52,2,1,2,3,71.7,135.3,91.4,1.0,66.0,13.7,0,0,0,0,0
P00711,67,6,0,7,4,75.6,151.0,88.7,2.35,86.3,10.5,0,0,0,0,1
P00712,56,3,2,8,1,72.7,113.4,93.7,0.98,95.4,11.2,0,0,0,1,0
P00713,71,1,3,6,1,99.2,143.8,98.0,1.89,228.7,9.2,0,0,0,0,1
P00714,73,5,0,3,4,52.8,110.9,95.1,1.73,168.5,14.1,1,0,0,0,0
P00715,85,4,1,6,6,107.0,116.6,95.1,1.68,110.8,16.8,0,0,0,0,0
P00716,76,3,1,6,2,102.6,120.8,98.3,1.16,208.4,13.4,0,0,0,0,0
P00717,55,11,5,3,2,74.1,137.1,100.0,1.05,97.4,13.5,0,0,0,0,0
P00718,53,7,4,4,3,96.4,106.3,100.0,1.0,106.5,11.9,0,0,0,0,1
P00719,35,6,0,9,2,83.8,109.0,96.4,1.47,103.8,12.6,0,0,0,0,0
P00720,61,7,4,4,2,105.1,115.1,95.2,0.7,171.2,15.5,0,0,0,0,0
P00721,28,6,1,5,3,95.3,129.0,94.8,0.89,121.9,13.2,0,0,0,0,0
P00722,85,4,1,4,0,112.7,109.3,97.8,2.12,192.8,14.3,0,0,0,1,0
P00723,79,3,1,5,1,60.1,133.3,95.5,1.32,144.5,15.6,0,0,1,0,0
P00724,26,5,1,9,1,84.7,120.8,95.5,1.54,165.9,15.2,0,0,0,0,0
P00725,75,4,3,4,2,57.9,141.2,95.7,0.58,50.0,13.1,0,0,0,1,1
P00726,26,1,0,1,3,74.7,129.3,93.2,0.82,50.0,13.2,0,0,0,0,0
P00727,70,2,2,1,3,113.5,163.0,89.0,1.16,50.0,12.2,1,0,0,0,1
P00728,24,4,4,7,0,88.6,130.4,94.0,0.98,105.7,14.0,0,0,0,0,0
P00729,53,9,1,8,4,95.8,103.6,100.0,0.58,55.8,12.2,0,1,0,1,1
P00730,66,5,0,6,2,89.2,123.7,100.0,1.41,180.8,13.7,0,1,0,0,0
P00731,71,2,0,5,2,88.3,128.4,98.8,1.62,116.0,15.1,0,0,1,0,0
P00732,48,2,2,8,1,74.7,109.8,94.5,0.88,152.7,9.6,0,0,0,0,1
P00733,85,10,1,8,3,72.1,158.3,93.6,1.43,102.8,9.3,0,1,0,0,0
P00734,74,4,0,8,5,74.3,121.8,100.0,2.49,162.1,12.9,0,1,0,0,0
P00735,33,1,2,6,2,45.0,115.1,92.8,1.99,50.0,14.3,0,0,0,0,1
P00736,66,4,1,4,1,80.9,131.6,96.1,0.9,122.8,13.6,0,0,0,0,1
P00737,71,8,3,7,3,85.4,109.9,100.0,0.61,147.5,10.6,0,0,1,0,0
P00738,42,2,1,4,2,73.3,147.3,96.4,1.11,151.3,14.8,0,0,0,0,0
P00739,71,5,1,6,5,80.2,143.3,95.1,2.88,110.7,16.8,0,0,0,0,0
P00740,83,5,2,7,3,89.4,130.6,99.5,1.83,50.0,11.3,1,0,0,0,0
P00741,77,2,0,13,2,94.4,139.8,96.2,1.0,170.5,11.5,0,0,0,0,0
P00742,73,11,1,5,1,65.2,118.0,96.6,2.02,107.3,13.1,0,0,0,1,0
P00743,64,5,2,7,3,70.9,97.9,100.0,1.69,111.3,12.7,0,0,0,0,1
P00744,37,4,1,7,2,92.5,121.5,88.4,0.43,224.9,15.4,0,0,0,0,0
P00745,76,4,3,7,0,90.2,118.0,97.1,1.61,129.3,13.6,0,0,0,0,1
P00746,44,2,1,5,0,100.8,87.3,93.7,1.05,101.6,12.4,0,0,0,0,0
P00747,56,1,4,1,3,100.2,106.8,95.4,0.68,99.0,11.8,1,0,0,0,0
P00748,40,3,1,4,0,115.8,103.4,96.3,1.04,154.0,9.9,1,0,0,1,0
P00749,40,3,2,8,5,77.9,106.9,94.0,1.2,88.1,15.7,0,0,0,0,0
P00750,29,4,3,5,0,104.1,154.7,96.7,0.7,148.0,14.3,0,0,0,0,0
P00751,88,11,0,4,3,69.1,138.2,97.2,0.95,174.6,12.8,0,0,0,0,0
P00752,28,7,1,12,1,115.5,147.3,96.6,0.86,121.0,13.2,0,0,0,0,0
P00753,24,1,2,3,4,88.4,138.2,96.3,1.43,169.5,12.8,1,0,0,0,0
P00754,86,10,0,4,1,89.6,149.7,95.6,0.87,121.9,9.5,0,0,0,0,1
P00755,58,3,2,7,1,95.9,128.5,95.7,0.47,94.1,10.2,0,1,0,0,0
P00756,49,8,0,7,4,63.0,158.3,96.2,0.82,50.1,12.6,0,0,0,0,0
P00757,71,3,0,3,1,67.0,103.4,93.2,0.65,137.4,12.6,0,1,0,0,0
P00758,45,5,2,6,1,83.6,126.6,99.8,0.56,138.3,13.0,0,0,0,0,0
P00759,27,2,1,5,4,86.8,107.5,95.7,1.7,169.2,16.4,0,0,0,1,0
P00760,71,6,1,5,0,111.2,152.8,94.8,1.44,164.8,12.4,0,0,1,0,0
P00761,30,8,2,8,3,68.7,136.4,97.2,0.65,218.0,11.5,1,0,0,1,1
P00762,58,1,1,3,0,103.6,151.7,95.7,0.56,98.9,13.1,0,0,0,0,0
P00763,87,8,1,6,2,78.3,99.9,99.7,0.95,141.0,10.2,0,0,0,0,1
P00764,86,3,0,4,2,78.1,116.0,98.7,0.55,94.1,13.3,0,0,0,0,0
P00765,44,14,1,6,3,79.7,92.3,96.3,0.9,166.9,11.6,1,0,1,0,1
P00766,74,8,1,3,2,77.7,135.2,98.8,1.03,83.3,13.5,1,0,0,0,0
P00767,62,7,1,7,2,88.8,119.4,96.7,1.15,166.1,12.6,0,0,0,0,0
P00768,52,4,1,5,0,76.5,143.1,92.5,1.17,91.9,12.7,1,0,0,0,0
P00769,28,21,0,8,1,62.3,128.6,98.7,0.7,159.5,14.3,1,0,1,0,0
P00770,45,3,3,3,3,78.3,85.4,90.3,1.03,179.3,14.5,0,0,0,0,0
P00771,65,2,0,7,1,88.4,94.8,85.4,1.78,55.1,17.1,1,0,0,0,0
P00772,90,3,3,9,0,62.4,129.6,98.1,0.4,64.4,14.4,1,0,0,0,0
P00773,18,9,0,8,1,90.1,137.3,97.3,1.16,135.6,12.5,0,0,0,0,0
P00774,70,5,2,8,1,98.5,83.7,97.1,0.59,130.8,11.7,0,0,0,0,0
P00775,79,4,2,5,4,102.7,126.3,100.0,1.88,111.9,13.7,0,0,0,0,0
P00776,87,3,1,5,3,86.7,107.7,95.9,1.44,103.6,15.9,0,0,0,0,0
P00777,48,4,1,3,1,56.7,105.8,94.9,1.42,86.5,14.7,1,0,0,1,0
P00778,26,3,1,6,3,91.1,114.9,98.4,0.68,139.9,11.6,0,0,0,0,0
P00779,37,7,2,4,2,95.5,130.5,93.9,1.13,81.6,13.9,1,0,1,0,1
P00780,80,4,2,6,4,72.2,113.9,95.3,1.18,141.5,13.4,1,0,0,0,0
P00781,82,3,4,7,1,81.0,88.3,96.8,0.4,99.2,15.1,0,0,0,0,1
P00782,64,9,1,4,1,88.8,130.3,97.0,1.07,106.0,13.6,0,0,0,0,1
P00783,26,2,0,5,3,107.0,121.0,95.0,1.32,179.7,13.5,0,0,0,0,0
P00784,26,5,1,3,2,78.4,109.2,94.5,0.53,168.0,10.6,0,0,1,1,1
P00785,52,1,0,6,1,94.5,121.8,92.6,1.31,80.1,14.6,0,0,0,1,0
P00786,60,1,0,5,4,86.4,121.0,93.6,1.05,85.7,10.2,0,0,0,0,0
P00787,20,4,0,4,6,84.8,128.9,100.0,1.86,160.0,13.2,0,0,0,0,0
P00788,68,3,1,5,4,100.6,123.0,95.2,0.83,60.5,11.9,0,0,0,0,0
P00789,57,3,1,5,3,70.4,131.3,96.6,1.08,190.4,11.8,1,0,0,1,0
P00790,18,8,0,9,3,85.2,127.0,91.5,1.17,131.1,14.2,0,0,0,0,0
P00791,24,8,1,2,6,82.4,144.4,100.0,0.4,99.0,13.0,0,1,0,0,0
P00792,51,6,1,3,4,60.9,159.7,93.4,0.85,125.5,8.2,0,0,0,0,0
P00793,70,2,4,4,5,99.3,127.7,92.5,1.04,186.2,12.6,0,0,0,1,1
P00794,78,4,0,8,3,93.6,115.6,95.8,0.4,50.0,12.2,0,0,0,0,0
P00795,49,15,0,6,2,82.5,99.3,93.3,1.35,171.2,15.5,0,0,1,0,1
P00796,39,19,1,10,5,78.3,140.9,97.1,1.04,178.8,10.5,1,0,0,0,1
P00797,88,9,1,2,3,82.0,110.0,91.5,1.04,110.6,16.8,0,1,0,0,1
P00798,51,2,0,6,3,91.9,175.0,99.4,1.38,121.8,14.7,0,0,0,0,0
P00799,41,4,1,5,0,82.7,183.6,98.8,0.83,131.1,12.4,0,1,0,1,0
P00800,50,5,2,7,2,72.7,123.7,95.6,1.02,158.0,12.2,1,0,0,0,0
P00801,18,5,2,4,3,74.8,94.7,91.0,1.48,92.2,11.7,0,0,0,0,0
P00802,40,10,2,5,1,81.8,141.1,93.6,1.03,124.3,13.6,1,0,0,0,0
P00803,55,8,3,3,3,68.9,170.0,96.2,0.44,120.5,11.4,0,0,0,0,1
P00804,85,2,1,7,0,86.7,101.8,92.4,1.02,155.5,12.8,0,0,0,0,0
P00805,71,3,2,11,3,70.9,166.0,92.9,1.03,245.4,10.8,0,0,0,0,1
P00806,75,9,2,5,1,68.6,91.0,99.1,1.5,92.0,14.4,1,0,0,0,0
P00807,57,11,1,6,1,126.7,98.9,96.5,0.86,128.5,13.3,1,0,0,0,0
P00808,26,6,3,5,2,109.2,134.2,96.4,0.64,90.8,12.1,0,0,0,0,0
P00809,46,12,3,5,3,84.0,148.3,97.6,0.64,103.0,12.5,0,0,0,1,1
P00810,90,5,0,4,3,93.9,126.7,95.5,1.91,76.6,11.6,0,0,0,0,1
P00811,21,2,1,7,2,96.3,137.0,95.8,1.14,56.1,13.6,1,1,0,0,0
P00812,82,7,0,5,2,80.9,150.1,97.4,1.87,178.2,10.5,1,1,0,0,1
P00813,67,25,1,10,1,86.0,152.4,98.4,2.0,141.0,14.8,0,0,0,1,1
P00814,38,2,1,6,4,78.3,115.6,97.5,0.72,129.2,13.3,0,0,1,0,0
P00815,74,12,1,9,0,99.6,110.7,100.0,0.69,85.7,12.1,0,0,0,0,0
P00816,79,7,1,3,2,99.8,149.1,96.1,0.94,121.6,14.2,1,0,0,0,0
P00817,21,3,3,5,2,103.9,137.1,92.0,1.32,73.0,13.8,0,0,0,0,0
P00818,25,1,1,3,5,85.7,139.8,99.3,0.53,123.8,10.9,0,0,0,0,0
P00819,66,1,0,8,1,112.3,114.8,95.3,1.23,140.0,15.6,1,0,0,1,0
P00820,90,3,2,6,2,80.9,140.8,93.7,1.2,100.6,8.0,0,0,0,0,0
P00821,19,6,1,0,2,110.7,106.1,98.1,0.6,90.9,15.2,0,0,0,0,0
P00822,66,8,1,3,4,75.5,132.9,97.1,0.61,102.8,12.7,0,0,0,0,1
P00823,27,10,1,6,2,63.8,130.2,92.2,1.22,161.7,15.0,1,0,0,0,0
P00824,65,6,0,2,4,110.4,130.4,98.0,2.54,134.1,15.9,0,0,0,1,0
P00825,63,5,1,4,3,91.2,143.6,100.0,0.88,52.7,12.1,0,0,0,0,0
P00826,24,4,2,7,4,89.3,107.6,97.0,1.16,157.6,12.2,1,0,0,0,0
P00827,67,6,0,3,1,77.0,141.5,95.2,0.76,149.4,13.6,1,0,0,0,0
P00828,83,3,3,2,1,70.2,128.4,91.0,1.11,133.4,10.7,0,0,0,0,0
P00829,81,2,3,10,2,71.5,112.2,100.0,0.75,199.1,12.3,0,0,0,0,0
P00830,20,5,0,8,1,83.9,101.6,94.4,0.89,126.1,12.2,0,0,0,0,0
P00831,35,8,4,7,0,79.9,165.8,91.8,3.01,144.4,10.6,0,0,0,0,0
P00832,35,1,0,3,3,54.8,126.6,96.3,1.05,146.1,12.1,0,0,0,0,0
P00833,51,3,0,6,5,105.7,120.9,99.0,0.49,164.5,14.5,0,0,0,1,0
P00834,28,5,1,4,4,76.1,105.1,99.7,1.34,115.0,14.4,0,0,0,0,0
P00835,80,5,1,4,1,99.3,149.8,94.0,1.66,96.0,12.6,1,0,0,0,0
P00836,74,7,3,6,3,72.1,148.2,95.7,1.36,168.8,13.1,1,0,0,0,0
P00837,77,15,1,5,0,84.2,144.4,96.0,0.92,166.5,12.4,0,1,0,0,0
P00838,32,1,2,2,3,95.6,126.8,98.9,0.66,182.4,9.5,1,0,1,0,0
P00839,19,15,0,3,3,93.7,143.0,97.8,0.67,143.7,11.0,0,0,0,0,0
P00840,84,14,5,11,1,78.2,111.5,96.8,0.92,50.8,14.9,0,0,0,0,1
P00841,39,9,1,4,2,89.1,132.4,98.7,0.85,132.4,15.4,0,1,0,0,1
P00842,65,5,1,6,2,91.5,126.9,91.9,0.78,126.5,11.3,0,0,0,1,0
P00843,84,3,2,2,1,79.9,133.3,97.3,1.73,180.3,15.2,1,0,0,0,0
P00844,20,8,1,7,4,66.4,91.7,96.7,1.51,172.6,10.6,0,0,0,1,0
P00845,18,6,2,7,1,73.3,165.4,95.8,1.77,152.6,12.0,1,0,1,0,1
P00846,18,4,1,5,1,76.7,160.4,95.3,0.7,50.0,12.8,0,0,1,0,0
P00847,29,8,1,4,1,82.4,105.0,96.4,0.66,87.9,12.5,0,0,0,0,0
P00848,21,9,0,5,6,104.3,139.5,94.3,1.04,108.6,11.6,0,0,0,0,0
P00849,77,11,0,3,7,94.7,98.3,100.0,1.21,109.6,13.3,0,0,0,1,0
P00850,62,3,2,6,0,70.6,129.7,100.0,1.03,132.5,14.6,0,0,1,0,0
P00851,89,10,0,6,1,107.7,84.1,99.3,1.17,191.6,10.1,0,0,0,0,0
P00852,76,4,3,3,0,80.9,122.2,94.4,2.04,160.1,13.3,0,0,0,0,0
P00853,88,5,1,6,1,91.4,118.2,93.1,0.91,83.6,14.9,0,0,0,0,1
P00854,35,6,1,5,1,68.9,151.1,95.4,1.44,87.7,12.2,0,1,0,0,0
P00855,39,10,0,6,4,75.7,161.4,96.3,1.26,83.6,11.9,1,0,0,0,0
P00856,80,8,1,9,3,96.5,161.8,91.7,1.04,119.7,11.3,0,0,0,0,0
P00857,35,4,1,3,6,69.7,151.2,97.4,1.41,161.2,17.0,0,0,0,0,0
P00858,22,1,2,7,0,82.8,129.6,99.2,0.71,168.4,16.0,1,1,0,0,0
P00859,66,7,2,5,1,88.6,135.8,89.3,0.65,108.1,12.4,0,0,0,1,0
P00860,76,5,2,6,0,67.7,135.7,93.3,1.22,123.6,15.4,0,0,0,0,1
P00861,88,2,0,4,2,57.1,104.4,99.7,0.48,200.3,11.9,0,0,0,0,0
P00862,85,6,1,5,3,94.7,150.9,97.1,1.26,58.2,12.7,0,0,0,0,0
P00863,26,5,3,10,3,122.1,141.8,93.4,0.6,153.7,10.9,0,0,0,0,0
P00864,74,11,1,5,3,88.4,142.7,98.2,1.98,148.8,9.3,0,0,1,0,0
P00865,79,16,1,7,1,91.1,82.4,94.2,0.84,111.7,11.8,1,0,0,0,1
P00866,68,9,2,5,4,69.6,137.1,95.3,1.92,124.2,12.1,0,0,0,0,0
P00867,77,5,3,3,1,102.6,148.1,92.6,0.91,143.9,13.9,1,0,0,1,1
P00868,79,5,0,2,1,76.7,127.7,96.1,0.89,111.7,14.3,1,0,0,0,0
P00869,50,2,1,2,3,98.3,118.0,99.1,1.48,96.3,12.8,0,0,0,0,0
P00870,20,3,1,7,2,90.5,100.8,94.6,1.14,92.9,11.0,0,0,0,0,0
P00871,51,4,2,4,2,90.8,99.3,97.9,0.97,208.8,11.7,1,0,0,0,0
P00872,32,4,1,5,3,90.3,131.1,95.9,0.83,105.2,16.2,1,1,0,0,0
P00873,26,1,0,6,3,89.9,123.3,99.2,0.84,134.1,14.3,0,0,0,0,0
P00874,27,11,2,5,2,86.0,123.0,94.6,2.89,160.3,15.8,0,0,0,0,0
P00875,68,12,2,5,3,95.6,158.6,100.0,0.47,115.5,16.6,0,0,0,1,1
P00876,54,11,0,5,5,71.8,102.9,98.0,0.58,126.6,11.7,0,0,0,0,0
P00877,57,13,0,2,4,78.7,121.1,96.7,1.7,147.6,14.6,1,1,0,0,1
P00878,72,19,0,4,1,102.6,161.9,96.8,1.64,86.8,11.2,0,0,0,0,0
P00879,58,3,3,7,3,84.4,121.8,94.6,0.66,55.9,15.1,0,0,1,0,0
P00880,63,18,2,2,1,77.4,129.3,94.4,0.45,92.1,14.7,0,0,0,1,0
P00881,24,4,0,14,1,96.5,124.5,96.8,1.77,202.8,8.8,0,0,0,0,0
P00882,80,7,1,8,5,93.7,142.1,92.4,0.62,99.1,13.8,1,0,0,1,0
P00883,50,1,0,4,2,63.8,86.9,94.2,0.8,130.9,11.3,1,0,0,0,0
P00884,29,3,2,6,1,92.2,123.9,93.2,1.04,65.3,12.3,0,0,0,0,0
P00885,77,9,2,3,2,83.9,129.1,97.7,0.62,185.4,11.7,1,0,0,0,1
P00886,71,8,1,4,2,92.0,108.0,97.8,1.52,111.5,14.8,0,0,0,0,0
P00887,21,4,0,7,1,82.1,134.9,99.8,1.01,104.5,11.6,0,0,1,0,0
P00888,32,5,1,10,0,88.5,143.7,95.0,0.67,119.0,10.4,1,1,0,0,0
P00889,19,3,0,4,3,56.4,137.0,93.6,0.7,238.1,11.4,0,0,0,0,0
P00890,37,9,1,5,0,69.5,163.6,91.6,1.79,144.9,12.6,1,0,0,0,0
P00891,25,12,3,6,3,92.4,119.3,96.8,0.88,117.9,13.8,0,1,0,0,0
P00892,69,3,1,10,0,118.7,138.0,100.0,1.32,50.0,15.4,0,0,0,0,0
P00893,56,5,1,6,1,87.1,137.5,95.8,1.0,185.9,14.0,0,0,0,0,0
P00894,89,1,1,7,3,72.3,123.3,96.1,0.45,93.7,14.2,0,0,1,0,0
P00895,72,6,2,3,2,83.9,150.7,96.0,1.4,86.6,14.5,0,0,0,0,0
P00896,62,7,1,6,0,69.5,133.8,96.8,1.62,90.7,14.6,0,0,0,0,0
P00897,55,6,1,9,0,99.5,104.0,99.0,2.29,190.9,15.1,0,0,0,0,0
P00898,21,7,2,7,0,82.7,143.0,100.0,0.43,123.1,18.0,0,0,0,0,0
P00899,23,4,1,4,1,96.7,118.0,97.5,0.4,56.5,14.6,0,0,0,0,0
P00900,62,4,3,4,2,79.9,121.5,97.7,1.33,115.8,13.6,1,0,0,0,0
P00901,18,4,0,7,1,98.0,123.0,95.3,0.76,87.6,12.1,0,0,0,0,1
P00902,21,3,4,3,2,59.3,142.7,95.7,0.53,141.2,13.6,0,0,0,1,0
P00903,33,4,3,6,0,82.3,149.6,95.6,1.05,107.6,15.3,0,0,0,0,1
P00904,82,7,2,3,2,89.6,124.8,94.9,0.82,54.4,10.6,0,0,0,0,0
P00905,51,11,0,6,3,78.2,123.7,96.4,0.56,121.3,15.5,0,0,0,0,1
P00906,69,2,3,7,1,87.0,87.1,97.9,0.96,122.4,12.1,0,0,0,0,0
P00907,48,4,0,10,5,86.8,113.8,96.2,1.29,68.6,12.5,0,1,1,0,1
P00908,30,2,0,6,6,96.7,109.1,95.2,1.08,50.0,14.0,0,0,0,0,0
P00909,45,3,3,6,4,90.7,134.2,96.4,1.09,137.7,11.9,0,0,0,0,1
P00910,24,4,2,4,4,87.5,125.9,93.1,1.22,112.4,13.9,1,0,0,0,0
P00911,74,5,2,5,2,94.3,109.8,98.4,0.47,115.3,10.7,0,0,0,0,0
P00912,31,5,0,5,1,63.1,131.1,94.8,0.98,158.6,14.8,0,0,0,0,0
P00913,45,5,4,6,3,71.5,126.6,92.5,1.11,50.0,13.4,0,0,0,0,0
P00914,89,6,2,6,0,62.6,77.2,97.4,0.84,127.7,13.0,1,0,0,0,0
P00915,61,2,1,9,1,89.7,150.2,97.5,0.69,154.8,13.5,0,0,0,0,0
P00916,51,5,1,3,0,87.8,148.2,93.4,0.71,116.8,13.0,1,0,1,0,0
P00917,57,8,1,6,6,101.4,123.2,97.9,0.88,61.3,13.9,0,0,0,0,0
P00918,75,2,1,7,6,86.9,135.1,97.9,1.51,95.3,12.6,0,0,0,0,1
P00919,36,1,0,6,2,73.2,121.5,100.0,1.99,104.7,12.4,0,0,1,0,0
P00920,64,9,2,6,0,83.9,95.9,95.3,1.81,53.9,9.5,0,0,0,0,1
P00921,81,2,0,10,0,55.7,171.3,95.8,0.5,141.7,15.7,1,0,0,0,0
P00922,59,3,1,8,6,76.3,143.0,94.2,0.66,125.1,10.7,0,0,0,1,1
P00923,50,8,0,6,2,49.1,146.8,97.5,1.34,96.1,16.2,1,0,0,0,0
P00924,28,2,4,5,2,86.6,122.3,96.0,1.8,169.3,12.5,0,0,0,0,0
P00925,36,9,3,3,0,78.1,150.5,99.0,0.65,101.5,15.4,0,0,0,0,0
P00926,87,3,1,8,1,80.1,100.6,94.7,1.09,191.6,15.1,1,1,0,0,0
P00927,57,2,1,7,4,69.0,123.1,97.4,0.6,112.9,14.9,0,0,0,0,0
P00928,39,2,1,9,1,72.6,142.8,95.3,1.13,82.0,13.1,1,0,0,0,0
P00929,48,3,2,11,3,91.7,115.5,90.5,0.75,83.4,10.6,0,1,0,0,0
P00930,60,7,0,4,3,61.9,146.2,97.9,1.09,129.1,12.6,0,1,1,0,0
P00931,57,3,0,3,2,89.1,134.1,90.8,0.58,76.8,12.4,0,0,1,0,0
P00932,69,9,2,4,2,70.6,132.2,95.5,0.48,131.5,12.8,1,0,0,0,0
P00933,36,5,1,7,2,58.5,113.6,95.6,4.03,107.0,10.5,1,0,0,0,0
P00934,65,5,0,5,4,99.2,136.1,96.0,1.03,105.9,12.4,1,0,0,0,0
P00935,50,2,3,4,3,100.6,166.7,96.1,2.61,123.1,7.2,0,0,0,0,0
P00936,86,10,1,11,1,74.4,131.5,96.1,1.97,170.2,12.4,0,0,1,0,1
P00937,29,8,2,5,3,74.3,139.1,97.1,0.48,100.6,13.3,0,0,0,0,0
P00938,28,8,3,2,3,78.5,142.1,95.7,1.18,133.3,11.4,0,0,0,0,0
P00939,51,4,1,7,4,70.7,105.1,100.0,0.56,145.0,12.5,0,0,0,0,0
P00940,55,2,2,4,2,73.1,125.3,95.0,0.88,70.6,13.3,0,0,0,0,0
P00941,68,5,0,4,1,88.3,124.7,92.3,0.43,148.5,15.0,0,0,0,1,0
P00942,47,7,1,2,1,111.0,85.5,91.8,0.49,161.7,15.1,0,0,0,0,0
P00943,84,7,2,4,0,77.0,143.8,98.0,0.68,168.5,13.6,0,0,0,0,0
P00944,52,6,1,7,1,96.3,109.4,91.2,0.78,75.1,12.9,1,0,0,0,0
P00945,27,6,2,8,4,86.9,141.6,92.4,1.02,78.3,13.7,1,1,0,0,0
P00946,26,3,1,10,2,58.6,112.8,91.9,0.63,122.6,16.6,0,1,0,0,0
P00947,89,3,2,5,3,81.7,168.8,97.4,1.07,120.0,14.0,0,0,0,0,0
P00948,27,2,1,6,2,79.9,122.4,100.0,1.67,125.9,13.5,0,1,0,0,0
P00949,87,9,1,4,1,102.5,166.4,93.2,1.13,109.0,15.1,0,0,0,0,0
P00950,38,15,1,7,4,103.1,124.5,97.3,0.97,133.4,13.1,0,0,0,0,1
P00951,24,25,2,5,5,87.3,126.9,88.1,1.17,50.0,11.3,1,0,0,0,1
P00952,40,6,4,5,5,99.0,159.3,93.8,0.52,154.6,13.9,0,0,0,1,0
P00953,62,6,1,3,0,80.0,109.6,97.8,1.53,191.2,13.3,0,0,0,0,0
P00954,49,4,0,4,4,97.7,129.0,95.1,0.58,100.1,12.6,0,0,0,0,0
P00955,75,6,2,6,1,83.4,138.8,99.0,2.01,134.1,14.1,1,0,1,0,1
P00956,62,2,0,8,1,97.4,136.1,89.3,1.41,200.6,9.4,0,0,0,0,0
P00957,47,4,1,11,2,98.8,128.9,93.8,1.28,126.5,11.9,1,0,0,0,0
P00958,64,2,0,6,3,92.0,126.1,97.4,1.31,138.7,11.2,0,0,0,0,0
P00959,88,4,0,4,3,71.6,144.9,97.3,1.0,207.9,11.5,0,0,0,0,0
P00960,48,3,0,8,1,76.1,131.5,97.6,0.7,216.6,12.7,0,0,1,0,1
P00961,29,7,2,6,0,92.5,147.3,96.6,0.65,77.3,11.2,0,0,0,0,0
P00962,47,7,2,3,1,94.5,135.8,92.6,2.2,106.5,16.4,0,0,1,0,1
P00963,79,6,2,4,4,84.2,141.0,93.7,1.05,165.2,13.9,0,0,0,0,0
P00964,33,3,3,2,1,77.6,150.7,100.0,0.61,147.4,11.4,1,0,0,0,0
P00965,87,2,0,4,3,84.7,121.8,92.2,1.26,156.8,9.5,0,0,1,0,1
P00966,60,7,2,6,4,78.1,150.1,91.8,1.17,50.0,11.8,0,0,0,0,0
P00967,61,5,1,5,1,78.2,124.9,98.0,0.86,50.0,12.3,0,0,0,0,0
P00968,41,1,0,5,3,109.4,100.0,92.8,0.67,205.3,11.7,0,1,0,1,0
P00969,85,5,1,7,4,75.3,121.4,100.0,1.39,159.8,18.0,0,0,0,0,0
P00970,20,6,1,3,3,89.1,113.5,100.0,1.53,140.9,9.7,1,0,0,0,0
P00971,39,1,2,3,2,84.1,135.5,95.3,1.16,69.1,13.1,0,1,0,0,0
P00972,48,7,4,6,1,64.8,122.3,96.9,1.03,106.3,12.7,1,0,0,1,0
P00973,52,1,2,6,2,64.3,130.6,90.5,0.7,150.6,12.5,1,0,0,0,0
P00974,52,3,0,9,1,80.9,148.3,99.1,1.24,62.8,9.1,0,0,0,0,0
P00975,28,1,1,4,1,54.7,157.7,89.3,0.75,93.3,12.9,0,0,0,1,0
P00976,34,2,1,4,1,107.6,133.9,92.0,0.56,141.9,13.4,0,0,0,0,0
P00977,24,2,1,4,3,76.9,149.7,96.4,1.66,151.5,14.4,1,0,0,0,0
P00978,59,9,2,4,1,75.8,124.5,97.6,0.63,101.5,14.0,1,0,0,0,0
P00979,43,4,1,8,1,99.1,96.7,91.5,0.43,169.2,15.4,0,0,0,0,0
P00980,59,3,2,4,3,80.0,104.4,94.4,1.8,167.7,8.9,0,0,0,0,0
P00981,61,10,2,7,3,91.1,124.1,91.0,0.46,50.0,12.5,0,0,0,0,1
P00982,69,10,3,3,3,74.0,143.9,95.0,0.84,198.7,18.0,0,0,0,0,0
P00983,57,4,1,4,3,82.6,124.1,93.6,0.61,177.5,15.1,0,0,0,0,0
P00984,65,6,0,8,1,95.6,151.7,94.1,0.72,134.3,10.1,0,0,1,0,1
P00985,60,3,0,5,2,69.9,164.6,98.0,2.72,118.8,13.2,1,0,0,0,0
P00986,65,4,2,7,5,89.4,110.2,96.8,0.96,160.5,10.9,1,0,0,1,1
P00987,63,2,0,6,1,48.2,170.5,97.7,1.18,149.0,12.1,0,0,0,0,0
P00988,41,6,1,5,2,99.7,95.3,95.6,1.43,112.8,17.0,1,0,0,0,0
P00989,35,10,0,2,4,74.2,165.0,98.2,0.75,197.3,14.9,0,0,0,1,1
P00990,75,9,0,3,5,80.8,127.3,95.9,1.62,50.0,10.0,0,0,0,0,0
P00991,43,5,2,5,2,80.6,123.3,94.5,1.18,95.1,11.5,0,0,0,0,0
P00992,58,1,0,5,2,68.4,127.8,97.7,1.4,145.2,13.0,0,1,0,0,0
P00993,32,3,2,6,5,67.3,112.0,94.7,0.72,122.7,12.5,1,0,0,1,1
P00994,49,4,0,8,1,89.3,158.0,95.0,1.22,156.5,13.6,1,0,0,0,0
P00995,56,1,3,6,1,90.0,114.2,99.2,1.0,62.2,11.5,0,0,0,0,0
P00996,63,1,1,5,1,69.6,116.7,98.9,1.66,113.6,12.3,0,0,0,0,0
P00997,56,12,0,4,4,89.6,100.4,95.1,0.78,176.8,11.4,0,0,0,0,0
P00998,44,8,1,5,4,89.8,113.4,98.6,2.5,57.8,12.3,0,0,1,0,1
P00999,88,7,2,6,6,76.7,114.0,92.2,1.16,114.2,14.4,0,0,0,0,1
P01000,55,8,1,7,2,63.9,112.7,95.1,0.95,101.1,13.6,0,0,0,0,0
P01001,77,2,1,8,3,81.5,124.5,93.7,0.9,141.4,11.6,0,0,0,0,0
P01002,71,2,1,3,3,87.1,105.7,96.0,1.0,142.7,15.3,0,0,0,1,0
P01003,58,6,1,4,4,81.2,159.9,98.2,0.75,129.4,15.1,0,0,0,0,0
P01004,82,6,0,9,1,73.7,124.9,97.7,1.35,112.0,13.0,0,0,1,0,1
P01005,27,1,0,7,2,88.5,135.5,97.3,0.99,127.8,12.5,0,0,0,0,0
P01006,85,5,1,4,1,99.7,145.2,96.4,2.4,117.6,16.5,1,0,0,0,0
P01007,80,5,1,8,3,71.2,168.5,95.5,0.82,123.5,16.2,1,0,0,0,1
P01008,54,9,1,7,4,77.8,146.2,99.6,0.95,190.6,10.0,1,0,0,0,0
P01009,71,6,0,4,2,120.4,123.0,91.4,0.82,70.9,15.4,0,0,0,0,1
P01010,55,13,1,7,2,86.1,106.5,94.0,2.32,140.4,16.4,0,0,0,0,0
P01011,37,4,2,7,2,64.3,134.8,97.2,0.52,82.6,14.3,0,0,0,0,0
P01012,76,2,0,10,2,75.3,149.2,100.0,1.04,213.0,12.1,0,0,0,1,0
P01013,35,13,1,4,1,71.4,130.8,95.0,1.15,129.0,12.3,0,0,0,0,0
P01014,40,6,0,4,4,87.3,129.3,95.2,0.6,67.9,16.4,0,1,0,0,0
P01015,55,5,1,5,1,86.3,132.3,92.1,3.29,114.6,14.7,1,0,0,0,0
P01016,79,2,1,10,1,73.1,90.6,94.4,0.66,59.3,14.1,1,0,0,0,1
P01017,46,4,0,7,2,108.0,130.9,98.1,1.02,96.5,17.7,1,0,0,0,0
P01018,54,3,2,7,5,83.2,142.6,100.0,2.13,152.7,11.0,0,0,0,1,1
P01019,21,2,1,1,1,75.6,127.1,95.1,0.84,186.3,12.8,0,1,0,0,0
P01020,26,1,3,9,3,64.9,150.5,93.6,1.07,173.6,13.4,0,0,0,0,0
P01021,22,3,2,5,2,69.5,151.1,96.2,0.86,120.3,12.6,0,0,1,0,0
P01022,23,8,0,5,1,64.6,117.9,91.2,0.98,150.7,9.3,0,0,0,0,0
P01023,81,11,3,1,2,79.3,136.8,99.7,1.63,161.4,15.0,0,0,0,0,0
P01024,79,9,1,1,2,69.6,128.9,92.3,0.83,226.2,11.5,0,1,0,0,1
P01025,77,9,3,3,2,93.0,87.4,96.9,0.4,97.8,11.5,0,0,0,0,0
P01026,22,2,0,3,2,73.8,124.3,96.9,0.99,192.9,12.3,0,0,0,1,0
P01027,23,6,1,6,1,93.8,107.4,97.9,1.03,75.9,12.5,0,0,0,0,0
P01028,38,7,0,10,2,88.9,130.7,96.8,1.09,178.1,12.8,0,0,0,0,0
P01029,59,7,2,5,3,91.0,141.7,96.0,0.92,97.1,14.9,1,0,0,0,0
P01030,42,4,0,5,2,94.6,123.6,97.3,0.68,94.2,15.3,0,0,0,0,0
P01031,53,5,0,4,3,109.9,110.0,98.5,0.9,112.2,12.5,0,0,0,0,0
P01032,30,9,2,7,1,70.1,132.7,100.0,2.21,90.1,11.8,1,0,0,0,0
P01033,71,7,1,6,2,93.8,176.9,92.7,0.98,144.2,12.7,1,0,0,0,0
P01034,40,8,0,8,2,87.6,84.6,90.5,1.34,180.2,11.2,0,0,1,0,0
P01035,22,3,0,5,1,96.9,132.7,91.4,0.63,50.0,12.9,1,0,0,0,0
P01036,72,7,1,8,1,83.6,117.1,90.6,0.88,117.1,11.1,0,0,0,1,1
P01037,83,5,1,4,3,98.5,119.5,92.4,0.64,76.1,17.3,0,0,1,0,0
P01038,19,8,1,5,1,63.9,125.9,92.0,1.79,165.7,13.3,1,0,0,0,0
P01039,49,3,0,5,1,67.9,121.1,94.8,0.5,188.9,11.9,0,0,0,0,0
P01040,78,8,0,6,1,74.0,140.0,98.6,1.18,117.1,14.4,0,0,1,0,0
P01041,69,4,1,7,1,81.0,123.2,97.9,1.17,93.4,10.5,0,0,0,0,0
P01042,80,8,0,7,0,82.6,84.8,94.1,1.13,52.3,11.6,1,0,0,0,0
P01043,48,6,2,5,2,71.6,153.6,94.4,0.4,212.7,13.8,1,0,0,1,0
P01044,45,5,0,7,3,68.1,150.6,100.0,0.4,184.4,13.3,0,1,0,1,1
P01045,69,4,0,8,2,72.8,115.9,97.8,1.05,50.0,15.1,0,0,0,1,0
P01046,29,5,0,3,0,58.1,129.0,96.5,0.66,154.5,7.5,0,0,0,0,0
P01047,35,3,1,4,2,78.0,152.4,96.4,0.75,75.0,14.6,0,0,0,0,0
P01048,61,4,2,5,2,81.2,148.7,95.1,0.83,102.1,11.9,0,0,0,0,0
P01049,66,7,4,3,1,88.2,155.1,100.0,0.62,68.8,10.7,0,0,0,0,0
P01050,26,1,0,5,2,84.3,135.5,95.4,0.58,50.0,9.6,0,0,0,0,0
P01051,55,8,1,2,2,107.1,143.4,96.4,1.0,122.9,11.9,0,1,0,0,0
P01052,44,8,1,8,3,93.4,156.2,91.1,0.42,210.3,16.2,1,0,0,0,0
P01053,54,4,2,5,2,92.3,121.1,94.1,0.8,83.3,14.9,0,1,0,0,0
P01054,87,5,1,4,1,87.1,136.8,94.3,0.74,165.1,16.3,0,0,0,0,1
P01055,23,2,2,3,0,89.5,85.1,97.5,0.99,172.2,12.8,0,0,0,1,0
P01056,90,6,1,10,1,78.9,96.4,93.7,2.93,157.5,13.2,0,0,0,0,1
P01057,50,2,2,3,0,83.4,138.0,96.1,0.64,214.8,9.8,1,0,0,0,0
P01058,74,1,3,4,0,108.9,141.1,94.2,1.2,168.0,9.8,1,0,0,0,1
P01059,48,10,1,9,1,81.0,120.3,92.7,1.1,206.2,12.7,0,0,0,0,0
P01060,40,2,2,7,1,63.4,115.9,92.6,1.29,73.4,10.2,1,0,0,0,0
P01061,74,4,0,8,1,91.8,120.9,95.5,0.91,158.5,11.3,1,0,0,0,0
P01062,68,5,0,3,5,94.3,131.8,96.3,1.91,193.0,13.1,0,0,0,0,0
P01063,28,7,0,5,3,84.2,81.7,95.4,1.36,90.3,15.5,1,0,0,1,0
P01064,69,5,1,7,2,55.7,137.3,93.5,1.37,50.0,13.0,0,0,0,0,0
P01065,72,6,1,8,2,100.0,128.6,95.6,0.53,68.0,10.3,1,0,0,1,0
P01066,46,4,0,6,1,85.2,132.9,95.0,1.04,92.4,9.4,1,1,0,0,0
P01067,85,1,1,2,5,77.7,125.5,92.9,0.79,150.3,13.2,1,0,0,0,0
P01068,64,5,3,4,2,98.6,100.3,96.2,0.68,99.5,11.7,0,0,0,0,0
P01069,42,7,0,4,2,53.7,106.0,100.0,0.75,125.1,13.2,1,1,0,0,0
P01070,18,2,0,6,2,83.6,158.5,95.6,0.98,97.8,12.6,0,0,0,0,0
P01071,67,5,4,4,2,74.4,115.1,91.6,1.23,119.2,12.9,1,0,0,0,1
P01072,33,14,3,10,0,102.9,144.2,100.0,1.56,122.0,15.4,0,0,0,0,1
P01073,73,4,1,3,1,85.4,106.4,99.8,1.52,96.5,15.1,0,1,0,0,1
P01074,56,5,1,6,2,69.9,127.7,100.0,1.14,162.0,13.7,1,0,0,0,0
P01075,52,1,1,3,1,97.9,119.2,95.9,1.03,187.1,11.2,0,0,0,0,0
P01076,29,2,2,4,2,47.6,122.3,93.6,0.86,73.3,11.9,0,0,0,1,0
P01077,69,2,3,10,1,89.1,121.2,93.3,0.89,134.8,14.5,0,0,0,0,1
P01078,30,7,2,5,3,64.3,156.9,99.4,0.7,60.7,15.6,0,0,0,0,0
P01079,48,2,1,7,0,75.5,166.5,100.0,0.82,50.0,10.5,1,0,0,1,0
P01080,79,1,0,6,3,78.6,132.8,93.2,1.17,171.6,16.1,1,0,0,0,0
P01081,85,6,1,2,2,94.7,119.7,88.4,2.0,215.3,11.4,0,0,0,0,0
P01082,90,3,0,3,0,112.8,101.4,95.9,0.93,110.2,14.3,1,0,0,0,0
P01083,87,1,0,7,3,57.1,100.0,93.3,0.7,207.5,18.0,0,0,0,1,0
P01084,58,8,0,3,1,88.2,157.0,93.9,1.55,95.8,9.8,1,0,0,0,0
P01085,32,4,2,5,3,112.8,98.6,95.3,0.41,114.4,14.0,1,0,0,0,1
P01086,79,7,6,1,3,74.0,119.2,97.2,1.6,200.0,12.4,0,0,0,0,0
P01087,76,1,1,5,4,73.1,131.1,93.7,0.52,83.9,13.9,0,0,0,0,0
P01088,90,1,4,10,3,85.3,76.0,96.4,1.34,166.3,11.8,0,0,0,0,1
P01089,65,5,1,7,2,93.6,103.0,95.6,0.81,109.3,8.0,1,0,1,1,0
P01090,28,2,5,5,3,91.2,101.2,89.1,1.16,92.6,11.5,0,0,0,0,0
P01091,54,5,1,4,2,77.0,114.7,97.6,2.55,102.1,13.7,0,0,0,0,0
P01092,50,5,1,7,4,70.8,133.2,94.6,0.69,50.0,15.7,0,0,0,0,0
P01093,79,5,1,4,2,100.4,148.6,92.2,0.64,181.7,13.8,1,0,0,0,0
P01094,46,9,0,7,0,71.2,114.7,93.8,1.04,135.2,15.9,0,0,0,0,0
P01095,41,22,2,6,0,55.2,118.8,96.6,1.99,118.3,12.0,0,0,0,0,1
P01096,23,6,1,6,2,61.7,125.6,96.1,1.08,93.8,11.9,0,0,0,0,0
P01097,78,14,0,6,3,73.9,111.9,97.9,1.02,139.0,13.7,0,0,0,0,0
P01098,73,4,0,12,6,102.9,136.4,97.3,1.08,164.8,12.2,0,0,0,0,0
P01099,21,2,2,0,1,65.4,137.0,92.5,0.64,112.6,15.2,1,0,0,0,0
P01100,49,3,4,5,1,103.3,75.0,87.1,1.08,168.4,10.2,1,1,0,0,0
P01101,53,4,0,7,2,100.3,140.8,96.4,0.84,137.4,14.7,0,0,0,0,0
P01102,52,15,0,4,3,85.2,130.5,97.9,1.81,120.8,15.4,0,1,0,0,1
P01103,85,5,2,3,2,46.3,133.2,95.4,1.43,166.1,13.7,0,0,0,0,0
P01104,28,10,2,3,3,65.4,151.6,98.0,0.55,102.1,14.8,1,0,0,1,0
P01105,40,3,0,3,1,73.1,92.3,93.0,0.88,68.7,11.7,0,0,0,0,0
P01106,31,3,0,4,4,106.2,102.9,95.0,1.27,122.6,11.3,0,0,0,0,0
P01107,35,1,2,3,4,74.0,126.6,93.2,0.64,126.6,13.7,0,0,0,0,0
P01108,84,15,0,5,0,71.2,81.6,98.1,0.62,115.0,11.6,0,0,0,0,0
P01109,86,12,1,2,2,84.6,123.8,93.3,0.81,178.5,13.6,0,0,0,0,0
P01110,21,6,1,5,1,62.3,144.9,100.0,1.17,147.5,13.6,1,0,0,0,0
P01111,64,4,3,7,2,81.7,135.9,94.5,1.59,119.8,12.9,0,0,1,0,1
P01112,34,5,1,10,1,70.8,129.6,98.4,1.11,124.8,13.6,1,0,0,0,0
P01113,32,1,1,8,0,119.6,123.3,94.5,3.03,128.6,14.3,1,0,0,0,1
P01114,39,7,1,6,6,69.2,119.4,100.0,0.74,148.7,12.8,0,0,0,0,0
P01115,32,11,3,9,1,109.0,118.3,99.9,1.4,127.4,12.0,0,0,0,0,1
P01116,53,11,0,6,2,66.0,132.6,95.0,0.61,118.0,14.6,0,0,0,0,0
P01117,90,1,1,13,1,85.7,97.0,96.8,2.06,65.0,13.5,0,0,0,0,0
P01118,60,9,0,8,3,89.0,157.3,99.8,1.84,93.1,13.9,0,0,0,0,0
P01119,70,1,2,0,4,84.0,113.2,96.9,1.38,137.5,14.2,1,0,1,0,0
P01120,54,1,3,12,2,83.1,139.2,93.2,0.46,133.5,13.3,1,0,0,0,0
P01121,19,10,1,2,0,94.1,129.6,96.2,1.37,58.2,12.3,1,0,0,0,0
P01122,24,3,0,4,1,87.8,104.9,93.8,0.69,99.7,11.8,1,0,0,0,0
P01123,37,9,1,7,3,79.6,153.9,96.5,1.23,83.2,12.8,0,0,0,0,1
P01124,35,8,0,9,2,72.6,149.6,93.6,0.52,186.4,14.0,1,1,0,0,1
P01125,79,8,0,3,0,79.7,96.6,97.1,1.13,136.3,14.1,0,0,0,0,1
P01126,79,5,2,5,1,79.5,126.5,90.6,0.85,144.4,13.3,0,1,0,0,0
P01127,80,2,1,7,4,79.2,132.1,92.6,0.7,122.0,13.7,0,0,1,0,0
P01128,64,4,2,5,1,83.1,86.6,93.6,1.31,96.8,10.8,0,0,0,0,1
P01129,58,12,0,1,1,62.3,85.6,95.5,0.98,105.0,12.1,0,0,0,0,0
P01130,65,9,1,3,7,67.6,111.3,91.5,0.91,147.2,14.3,0,0,0,0,0
P01131,47,4,1,3,3,93.6,101.7,93.3,1.39,113.3,11.3,0,0,0,0,0
P01132,66,4,1,7,4,50.5,107.1,98.3,2.36,147.6,13.3,1,0,0,0,0
P01133,75,7,1,2,1,98.8,101.7,98.7,1.13,131.4,13.1,0,0,0,0,0
P01134,73,5,2,3,0,74.2,125.6,88.4,0.44,138.3,12.8,0,0,0,0,0
P01135,62,4,1,10,3,105.4,110.2,94.2,0.5,140.6,14.4,0,0,0,0,0
P01136,22,7,1,4,3,99.2,150.3,99.8,1.03,101.3,13.5,0,0,0,0,0
P01137,70,7,3,6,1,77.4,131.6,97.2,1.59,111.0,10.6,1,0,0,0,0
P01138,44,3,1,7,0,78.9,143.9,97.2,1.06,165.9,14.0,0,0,0,0,0
P01139,72,6,0,1,2,104.3,94.2,97.7,1.26,207.2,12.0,0,0,0,0,0
P01140,57,6,0,7,1,99.8,115.4,93.1,0.97,166.3,10.3,0,1,0,0,0
P01141,82,5,3,11,4,95.6,130.7,96.6,1.54,50.0,14.5,0,0,0,0,1
P01142,42,3,0,4,4,98.0,137.1,97.4,1.32,90.9,10.6,1,0,0,0,1
P01143,85,4,2,2,3,66.8,115.0,96.3,0.63,130.2,12.3,0,0,0,0,0
P01144,79,2,0,4,2,84.9,118.0,94.8,1.22,75.6,13.6,1,0,0,0,0
P01145,42,6,0,5,2,71.2,120.2,95.9,0.5,73.5,12.9,0,0,0,0,1
P01146,53,1,3,13,0,66.4,122.0,92.6,1.22,106.2,11.8,0,0,1,0,1
P01147,56,12,2,6,4,84.3,171.3,97.8,0.88,140.5,11.0,0,0,0,1,1
P01148,74,11,0,3,4,76.2,134.3,91.7,1.07,152.8,11.5,0,0,0,0,1
P01149,68,6,1,5,1,79.7,128.8,93.6,1.16,108.5,10.8,0,0,0,0,0
P01150,80,9,2,10,2,75.0,102.8,98.0,1.14,105.0,12.7,0,0,1,0,0
P01151,45,8,2,6,2,64.4,103.3,96.9,1.89,87.0,11.9,0,0,0,0,0
P01152,54,5,1,9,1,105.8,123.7,94.5,1.02,147.8,10.2,1,0,0,0,0
P01153,49,4,1,7,2,84.2,150.6,90.9,1.09,144.8,12.4,1,0,0,0,0
P01154,84,4,1,6,1,61.8,124.0,95.9,1.82,165.8,11.7,0,0,0,0,0
P01155,40,13,0,3,4,84.5,124.9,94.1,2.35,130.8,13.5,0,1,0,1,1
P01156,60,3,1,6,3,103.3,113.1,97.4,0.99,66.0,13.7,0,0,1,0,0
P01157,26,3,3,8,2,95.4,93.2,94.5,0.79,109.3,15.7,1,0,1,0,1
P01158,80,9,1,3,3,74.7,136.7,90.7,0.81,163.6,14.3,0,0,0,0,0
P01159,46,9,0,8,2,75.1,122.9,91.8,1.22,50.0,10.8,0,0,0,0,1
P01160,42,4,0,7,2,68.6,136.9,94.7,0.91,121.2,8.7,1,0,1,0,0
P01161,60,7,0,10,4,71.6,131.1,96.3,0.46,137.8,10.0,0,0,0,1,0
P01162,54,8,3,5,1,72.7,108.7,92.5,1.66,215.2,12.0,1,0,0,0,1
P01163,79,2,2,9,2,61.4,132.5,93.7,1.44,97.9,9.8,0,0,0,0,1
P01164,56,11,2,6,3,75.8,102.2,98.4,1.68,119.5,11.8,0,0,0,0,0
P01165,55,8,1,1,3,86.8,132.4,99.3,1.83,200.9,13.1,0,0,1,0,1
P01166,25,7,2,4,2,76.2,126.7,96.8,1.09,98.5,11.9,1,0,1,0,1
P01167,19,8,0,8,3,85.0,158.8,95.1,1.12,173.4,13.6,0,0,0,0,0
P01168,47,6,1,6,3,104.7,110.7,94.1,1.57,142.7,11.8,0,0,0,0,0
P01169,90,5,4,5,3,107.7,101.5,97.6,0.58,115.1,11.5,1,0,1,0,1
P01170,84,5,1,6,1,81.0,119.7,95.1,0.85,145.3,16.4,0,0,0,0,0
P01171,63,1,1,4,2,94.3,140.2,98.8,0.97,118.4,12.9,0,1,0,0,0
P01172,64,16,0,3,7,79.7,75.0,98.9,1.51,226.6,13.2,0,0,0,1,1
P01173,46,4,1,2,1,75.2,145.5,97.2,0.78,50.0,14.7,0,1,0,0,0
P01174,30,16,2,9,1,66.4,123.8,94.5,0.73,112.3,14.8,1,0,0,0,0
P01175,18,5,2,4,0,83.2,105.2,94.7,0.82,113.6,12.3,0,0,0,1,0
P01176,42,3,0,4,2,97.2,120.6,91.1,1.24,119.0,15.1,0,0,1,0,0
P01177,41,11,3,4,2,64.2,113.2,95.8,0.97,173.6,12.1,0,0,1,0,1
P01178,31,6,2,4,3,78.0,103.5,95.7,0.52,104.9,15.0,0,0,0,0,0
P01179,36,19,4,9,5,77.3,89.2,91.9,0.57,147.1,10.5,1,1,0,0,1
P01180,19,3,2,5,0,85.5,142.6,100.0,1.06,135.4,12.4,0,1,0,0,0
P01181,62,11,0,5,1,85.7,116.8,97.7,1.08,162.7,13.4,0,0,0,0,0
P01182,85,12,2,7,2,89.5,120.2,93.5,1.01,118.8,13.7,0,0,0,0,1
P01183,68,8,2,0,1,108.6,144.9,100.0,0.81,139.5,11.3,0,0,1,0,1
P01184,50,12,2,7,0,69.8,129.1,94.5,1.43,119.4,9.7,1,0,0,0,0
P01185,48,5,0,8,1,69.0,96.8,98.5,1.18,80.6,13.9,0,0,0,0,1
P01186,40,3,0,2,3,85.5,141.5,96.3,1.16,197.0,12.6,1,0,0,0,1
P01187,28,3,0,4,2,102.3,157.7,94.6,1.18,90.7,12.2,1,0,0,1,0
P01188,61,5,1,7,0,61.5,138.1,95.0,2.05,103.5,16.3,1,0,0,0,0
P01189,59,8,1,5,2,86.6,110.7,100.0,0.63,86.4,12.4,0,0,0,0,0
P01190,18,3,0,5,4,79.2,98.5,98.6,0.83,143.1,12.0,0,0,0,0,0
P01191,48,4,2,5,2,94.0,110.0,95.6,0.86,103.5,9.4,0,0,0,0,0
P01192,38,3,0,7,0,90.8,130.1,89.8,1.76,193.2,10.8,1,0,0,0,1
P01193,30,9,5,4,4,82.7,156.5,96.9,0.85,149.0,14.8,0,0,0,0,0
P01194,69,16,1,8,3,88.8,112.8,92.3,0.7,112.5,11.5,0,0,0,0,1
P01195,56,2,4,4,2,72.8,115.0,97.6,0.95,84.1,14.3,1,0,0,0,0
P01196,64,7,0,5,4,93.2,148.4,93.9,1.05,120.0,10.4,0,0,0,0,0
P01197,70,10,1,2,1,101.4,119.3,94.2,1.71,148.4,11.3,0,0,1,0,1
P01198,89,4,2,4,1,83.4,162.3,94.1,0.84,122.9,11.2,0,0,0,0,1
P01199,76,2,0,7,1,76.3,125.0,99.1,0.73,118.7,14.0,1,0,0,0,0
P01200,63,11,1,3,1,80.0,151.4,90.7,0.66,79.1,12.6,1,0,0,0,0
P01201,82,1,2,9,3,93.1,135.7,98.2,0.86,225.9,10.8,0,0,0,0,1
P01202,52,13,2,4,2,81.4,142.1,97.0,3.17,115.9,14.4,0,0,0,0,1
P01203,89,3,1,6,2,65.2,124.5,95.8,1.19,63.1,14.0,0,1,0,0,0
P01204,73,1,1,6,1,95.3,125.8,94.7,1.31,76.6,13.7,0,0,0,0,0
P01205,65,3,0,9,5,68.2,136.4,97.5,1.0,109.5,13.6,1,0,0,0,0
P01206,83,5,0,2,6,87.9,144.0,94.7,1.06,212.5,11.3,0,0,0,0,0
P01207,55,6,0,3,2,55.9,138.5,94.7,1.42,117.3,15.5,1,0,0,1,0
P01208,70,8,0,3,1,83.5,92.7,96.2,1.29,108.1,12.8,1,0,0,0,0
P01209,38,6,2,5,0,81.0,133.2,100.0,1.17,163.0,13.5,0,0,0,0,0
P01210,88,15,2,6,3,54.5,114.9,91.5,1.01,166.3,13.8,1,0,0,1,1
P01211,63,5,0,5,3,86.7,117.1,97.5,0.85,154.7,11.1,0,0,0,0,0
P01212,75,6,0,6,0,66.6,137.2,95.6,1.21,134.0,16.8,0,0,0,0,0
P01213,51,6,1,5,3,83.2,162.0,95.3,1.04,75.3,12.9,0,1,0,0,0
P01214,81,1,1,5,3,76.2,123.4,91.4,2.61,91.2,13.1,1,0,0,0,0
P01215,23,2,2,5,2,61.3,167.5,90.7,1.6,53.4,12.2,1,0,1,0,0
P01216,26,5,2,9,2,67.4,106.1,97.0,0.74,114.9,15.3,1,0,0,0,0
P01217,55,7,1,7,2,68.5,152.6,92.2,0.59,105.9,15.4,0,0,0,0,0
P01218,71,1,2,13,2,95.8,136.6,99.0,0.84,101.2,13.3,1,0,0,0,0
P01219,77,15,2,5,3,93.7,132.2,93.0,0.61,137.6,10.1,1,0,0,0,1
P01220,50,7,1,10,3,112.7,155.7,97.7,0.81,95.4,12.7,0,1,1,0,1
P01221,65,5,1,6,2,74.8,115.3,94.3,0.65,109.7,12.9,0,0,0,0,1
P01222,58,7,2,3,3,74.4,153.6,94.1,0.86,103.1,12.1,1,0,0,1,1
P01223,88,3,3,4,2,83.9,123.8,93.3,0.87,123.6,11.0,0,0,0,0,0
P01224,65,6,2,7,2,77.0,115.2,97.3,1.07,141.4,9.9,1,0,0,0,1
P01225,48,6,1,4,4,73.8,101.5,98.1,0.91,64.5,15.9,0,0,0,0,0
P01226,88,11,1,8,4,82.8,159.7,95.1,0.67,145.4,14.5,0,0,0,0,0
P01227,25,4,2,3,1,91.9,150.8,97.8,1.73,136.9,13.1,0,0,0,0,0
P01228,89,1,0,4,3,52.4,118.4,96.0,1.2,143.8,11.7,0,1,0,0,0
P01229,29,2,2,5,3,74.0,138.9,92.0,0.78,131.0,13.7,0,0,0,1,0
P01230,39,4,1,8,2,62.4,130.5,97.1,0.67,141.3,13.4,0,0,0,1,1
P01231,77,2,2,7,1,79.8,120.9,95.1,0.52,106.3,12.2,0,0,0,0,0
P01232,71,2,1,2,4,88.1,147.3,88.2,0.5,145.0,13.8,1,0,0,0,0
P01233,88,2,1,6,4,97.6,115.5,94.8,1.6,176.5,14.0,0,1,0,0,0
P01234,72,4,1,6,3,75.9,84.2,90.9,1.53,102.7,14.4,0,0,1,0,0
P01235,64,7,0,8,2,83.5,133.2,92.3,0.77,104.3,11.2,1,0,1,0,0
P01236,43,4,1,8,2,58.5,129.3,95.3,1.85,153.4,13.9,1,0,0,0,0
P01237,18,7,2,6,1,70.0,116.1,95.8,1.32,100.1,15.4,1,0,0,0,0
P01238,27,5,2,7,1,84.9,110.2,93.5,1.1,92.6,13.6,0,0,0,0,0
P01239,39,2,0,7,0,63.0,96.8,97.6,1.47,144.0,17.4,0,0,0,0,0
P01240,20,6,1,5,4,99.3,120.7,95.7,1.32,105.6,12.6,1,0,0,0,0
P01241,55,6,3,6,0,89.3,110.5,94.7,1.07,180.0,9.6,1,0,0,0,1
P01242,74,7,1,2,1,69.3,147.3,96.1,0.9,104.0,11.3,0,0,0,0,0
P01243,88,9,0,7,1,61.2,138.3,99.6,0.95,88.1,11.7,0,1,0,0,1
P01244,53,11,0,5,3,71.9,118.3,89.5,0.49,124.8,14.1,0,0,0,0,0
P01245,81,7,1,6,2,69.4,138.5,99.9,0.7,144.6,14.7,0,0,0,0,0
P01246,89,6,1,4,2,65.0,125.9,94.2,2.25,139.4,13.3,1,0,0,0,0
P01247,80,7,0,5,2,62.3,122.6,93.7,0.69,149.3,13.6,0,1,0,0,1
P01248,51,3,3,5,5,78.8,126.9,94.8,0.43,100.1,16.8,0,0,0,0,0
P01249,41,3,1,7,2,92.3,163.4,93.3,1.5,176.1,11.3,0,0,0,0,0
P01250,89,12,1,0,1,72.0,140.9,92.9,1.12,50.5,12.9,1,0,0,1,1
P01251,35,3,2,3,0,88.2,122.0,98.5,1.15,89.9,12.1,1,0,0,1,0
P01252,48,3,4,3,0,77.4,145.9,96.5,0.93,126.7,10.7,0,0,0,0,0
P01253,23,7,1,5,6,90.6,145.2,90.2,1.51,93.6,9.0,0,0,0,1,0
P01254,75,4,1,2,5,71.0,133.2,98.0,1.99,111.1,15.6,0,0,1,0,0
P01255,65,8,1,8,2,85.9,121.4,97.6,0.79,80.8,11.5,0,0,0,0,0
P01256,24,11,1,4,2,83.7,120.1,91.5,1.33,115.6,12.5,1,0,0,0,0
P01257,34,3,0,3,1,101.1,106.5,96.5,1.65,145.8,13.9,0,1,0,0,0
P01258,58,8,1,2,0,89.8,131.6,97.9,0.77,100.9,10.6,1,0,0,0,1
P01259,57,3,2,8,1,85.6,115.8,91.2,1.97,85.4,11.3,0,0,0,0,0
P01260,76,4,0,7,0,61.4,119.3,96.9,1.65,104.3,13.0,1,1,1,0,0
P01261,37,6,2,8,0,74.6,140.5,94.0,0.57,174.7,12.1,0,0,0,0,1
P01262,85,3,0,2,2,70.8,161.7,97.6,2.05,174.3,10.4,0,0,0,0,0
P01263,50,6,2,6,1,70.5,135.5,93.2,0.59,103.5,14.2,0,1,0,0,0
P01264,78,4,0,4,0,82.2,125.9,99.1,0.73,147.9,12.1,0,0,0,0,0
P01265,35,9,0,6,1,85.4,127.6,95.3,1.36,124.2,13.3,0,0,0,0,0
P01266,20,9,0,9,3,85.9,150.8,94.2,1.6,182.8,13.1,1,0,0,0,1
P01267,22,3,4,5,4,99.7,135.8,93.8,1.05,133.6,14.9,0,0,0,0,0
P01268,45,6,2,3,3,88.8,131.9,98.6,0.75,115.9,13.7,1,1,0,0,0
P01269,87,9,1,11,2,64.8,133.3,93.8,0.89,197.0,11.3,0,0,0,0,1
P01270,21,2,4,6,1,84.8,99.4,99.2,0.84,83.4,15.3,0,0,1,0,0
P01271,44,4,0,9,1,90.2,135.8,96.6,1.46,139.4,12.1,0,0,0,0,0
P01272,25,6,3,9,2,99.7,110.5,91.8,0.83,186.5,11.4,1,0,0,0,0
P01273,86,2,1,4,2,79.8,135.9,96.1,0.75,155.0,11.1,0,0,0,1,0
P01274,67,4,3,9,1,80.0,113.3,96.1,0.51,90.7,8.3,0,0,0,0,1
P01275,73,14,1,9,5,97.1,139.8,91.7,0.77,88.2,11.8,0,0,1,0,0
P01276,70,3,0,8,1,84.5,124.9,96.0,0.95,61.6,13.8,0,0,0,0,0
P01277,65,4,1,3,1,59.6,105.1,97.6,0.6,191.7,10.3,0,0,0,1,0
P01278,74,7,1,3,2,56.6,122.2,99.4,0.46,74.0,16.4,0,0,0,1,0
P01279,18,2,2,4,1,107.8,172.1,99.3,1.55,157.1,8.5,1,0,0,0,0
P01280,81,4,1,6,4,58.0,82.5,100.0,0.64,60.8,11.4,0,1,0,0,0
P01281,72,3,2,6,4,79.7,131.3,96.0,0.55,240.1,10.0,0,1,0,0,0
P01282,71,6,2,3,1,94.4,107.8,97.7,2.03,64.1,14.8,0,0,0,0,0
P01283,46,1,2,4,5,57.3,155.5,94.2,1.47,126.9,14.3,0,0,0,0,1
P01284,76,5,2,3,2,66.9,144.3,100.0,1.59,179.5,12.5,0,0,0,0,0
P01285,45,6,2,7,1,64.5,131.7,93.3,1.26,93.4,10.2,1,0,0,0,1
P01286,21,4,2,4,1,107.2,146.3,100.0,1.8,150.4,10.6,0,0,0,0,0
P01287,84,4,3,7,1,110.3,132.9,100.0,1.49,112.3,13.5,1,1,0,0,1
P01288,35,3,0,6,0,71.7,128.1,93.6,0.86,142.5,11.6,0,0,1,0,1
P01289,25,4,1,3,0,90.1,116.0,99.1,0.62,173.6,11.9,1,0,0,0,0
P01290,63,12,1,7,2,86.3,120.8,97.4,0.56,105.7,12.9,0,0,0,0,1
P01291,35,9,3,8,0,78.1,118.7,94.8,0.94,192.4,12.2,0,0,0,0,0
P01292,80,4,1,3,1,59.2,128.2,95.6,0.61,140.9,9.5,0,0,0,0,0
P01293,50,4,2,4,1,114.3,90.2,96.8,0.7,212.7,10.3,1,0,0,0,1
P01294,18,8,0,9,3,56.6,148.6,97.1,0.93,87.6,10.4,0,0,1,0,1
P01295,87,6,2,4,1,85.0,166.9,100.0,1.88,96.1,11.5,0,0,0,0,1
P01296,55,2,0,4,3,72.9,119.4,97.7,0.51,114.5,13.2,0,0,0,0,0
P01297,37,4,0,3,3,96.1,151.5,93.7,1.01,70.4,13.1,0,0,0,0,0
P01298,67,11,1,3,2,93.8,125.3,98.2,0.57,166.7,15.4,0,0,0,0,1
P01299,56,7,2,5,3,68.3,116.0,90.8,0.78,121.6,10.2,1,0,0,0,0
P01300,20,4,1,8,4,70.9,120.4,94.8,1.52,73.4,13.6,0,0,1,0,0
P01301,73,1,0,6,1,60.3,129.7,95.1,0.68,88.0,11.4,0,0,1,0,0
P01302,47,6,1,6,4,84.7,113.6,98.0,0.89,85.9,17.0,1,0,0,0,0
P01303,69,5,3,5,4,92.0,140.1,100.0,1.07,166.6,12.8,0,0,0,0,0
P01304,83,4,1,7,2,75.8,117.6,96.7,1.37,145.6,11.9,0,1,0,0,1
P01305,62,8,1,7,1,78.6,106.5,94.9,0.78,119.0,13.5,0,0,0,0,0
P01306,67,7,1,10,1,108.7,127.6,93.9,1.76,108.6,13.4,0,0,0,0,1
P01307,36,1,2,9,2,95.1,114.1,98.5,0.82,114.3,12.2,0,0,0,0,0
P01308,35,5,1,6,4,100.9,121.5,95.4,1.24,205.2,14.2,0,1,0,0,1
P01309,48,2,1,5,1,50.6,126.9,94.5,0.92,114.5,16.0,0,0,1,1,0
P01310,80,3,0,10,3,89.7,101.2,98.9,1.4,163.6,14.8,0,0,0,0,0
P01311,56,2,2,5,1,85.5,157.2,99.5,2.49,110.2,12.7,0,0,0,0,0
P01312,43,2,1,11,1,64.5,144.3,93.1,0.88,200.7,16.6,0,0,0,0,0
P01313,74,6,0,6,0,67.4,115.4,91.5,0.99,70.1,14.0,0,1,0,0,0
P01314,80,6,2,7,1,78.9,127.6,95.7,0.82,161.3,10.8,0,0,0,0,0
P01315,83,5,1,4,2,63.2,140.7,92.6,0.77,90.8,13.1,1,0,0,0,0
P01316,39,3,2,7,4,70.8,132.2,92.2,0.73,224.6,12.6,0,0,0,0,0
P01317,69,2,2,1,4,75.5,165.6,92.9,0.99,156.4,11.9,1,0,0,0,0
P01318,61,3,0,8,4,90.0,123.2,99.1,0.7,50.0,13.6,0,0,0,0,0
P01319,50,6,0,6,0,72.1,151.8,98.0,0.71,83.1,9.2,0,0,0,0,0
P01320,46,6,1,6,4,75.7,101.3,100.0,0.4,155.8,16.2,1,0,1,0,0
P01321,26,11,2,4,3,96.3,104.4,94.1,1.86,154.6,14.2,0,0,0,0,0
P01322,38,10,2,4,1,57.3,161.7,100.0,2.1,151.2,9.3,0,0,0,1,0
P01323,58,5,2,7,0,85.2,119.4,97.5,1.34,132.0,14.2,0,0,0,0,0
P01324,82,3,2,3,3,87.5,104.7,94.3,0.67,110.6,13.9,0,0,0,0,0
P01325,81,3,3,10,3,87.8,127.0,95.6,0.57,173.9,15.9,0,0,1,0,0
P01326,31,1,0,6,2,75.0,153.3,94.3,0.49,86.1,16.4,0,0,0,1,0
P01327,67,2,1,3,1,67.1,112.7,96.8,1.33,127.4,16.8,1,0,0,0,0
P01328,24,6,2,3,3,103.3,127.2,99.0,1.77,97.1,12.4,1,0,0,0,0
P01329,67,7,4,3,9,70.0,90.9,94.9,1.08,93.5,14.1,1,0,0,0,1
P01330,42,4,0,2,1,66.4,118.6,98.5,1.47,104.3,12.0,0,0,0,0,0
P01331,50,19,3,9,4,82.3,147.9,99.8,1.22,91.9,15.0,1,0,1,0,1
P01332,70,2,1,2,8,71.7,112.3,100.0,0.71,149.7,8.7,1,0,0,0,1
P01333,49,1,1,5,0,96.7,102.6,92.5,1.58,58.6,10.4,0,1,0,0,0
P01334,76,19,1,6,1,78.3,112.5,95.9,1.53,144.4,12.1,0,0,0,0,1
P01335,56,1,2,9,1,98.5,115.8,98.1,0.64,96.5,12.9,0,0,0,0,0
P01336,90,4,3,6,2,88.3,143.3,92.7,1.44,126.4,13.3,1,1,0,1,1
P01337,64,3,0,4,1,76.6,135.6,92.1,0.94,117.5,15.5,0,0,1,0,0
P01338,39,6,2,7,0,97.6,139.5,95.9,0.89,102.5,11.7,0,0,0,0,0
P01339,74,4,0,4,6,72.9,128.6,94.8,1.19,179.6,10.4,0,0,1,0,0
P01340,47,7,2,7,2,77.5,115.6,95.5,1.18,108.3,12.2,1,0,0,0,0
P01341,56,8,3,9,3,89.4,112.5,94.6,1.49,156.7,11.8,0,0,0,0,0
P01342,27,1,2,4,2,85.2,136.6,100.0,0.68,157.2,14.1,1,1,0,0,0
P01343,26,3,2,10,1,72.6,159.8,94.6,1.29,112.7,16.1,0,0,0,0,0
P01344,59,8,0,7,2,60.5,109.2,97.8,0.59,68.4,15.9,1,0,0,0,0
P01345,31,10,2,13,1,81.7,107.6,97.6,0.92,85.3,15.2,0,0,1,0,1
P01346,90,5,1,8,2,71.8,105.3,90.9,0.95,182.5,11.9,0,0,0,0,0
P01347,80,6,3,3,3,82.4,144.6,100.0,1.55,147.2,12.7,1,0,0,0,0
P01348,69,12,3,3,2,76.1,127.2,97.9,1.0,131.2,13.8,0,0,0,0,1
P01349,71,4,0,9,2,72.0,139.1,96.5,0.89,99.5,11.5,0,0,0,1,0
P01350,61,5,1,8,3,78.2,117.8,99.2,1.9,202.9,11.6,0,0,0,0,0
P01351,22,10,2,3,1,81.0,140.4,95.9,0.82,85.9,13.7,1,0,0,0,0
P01352,46,11,2,5,1,91.7,122.2,98.6,0.81,131.3,10.3,0,1,0,0,0
P01353,54,4,1,6,4,87.9,97.1,90.4,0.43,147.6,15.2,0,0,0,0,0
P01354,84,3,1,4,2,111.3,146.5,98.5,0.91,66.2,12.2,0,0,0,1,0
P01355,34,4,2,5,0,84.0,127.3,96.6,0.66,90.9,14.1,1,0,0,0,0
P01356,54,5,2,12,0,72.6,121.8,96.6,0.89,104.4,13.4,1,1,0,0,0
P01357,43,3,3,7,3,79.7,133.6,93.5,1.11,163.8,15.5,1,0,0,0,0
P01358,27,3,1,5,4,90.0,99.1,95.3,0.61,105.3,8.7,1,0,0,0,0
P01359,25,11,1,6,3,96.0,136.6,95.3,0.69,60.4,15.5,0,1,0,0,0
P01360,44,7,0,5,2,100.8,116.1,92.6,0.49,56.0,15.5,0,0,0,1,0
P01361,24,4,2,10,3,67.8,124.9,97.1,0.79,90.5,13.6,0,0,0,0,0
P01362,22,2,2,9,2,99.9,150.8,100.0,0.65,57.9,14.0,1,1,0,0,0
P01363,43,3,0,4,1,81.4,140.8,91.7,2.62,159.6,14.2,0,0,1,0,0
P01364,32,1,0,6,1,69.0,124.5,97.5,1.97,161.4,11.2,0,0,0,0,1
P01365,58,6,0,6,3,79.1,126.0,94.7,1.83,125.3,13.1,0,0,0,0,0
P01366,19,3,3,6,1,99.0,76.8,94.4,0.56,113.2,14.8,1,0,0,0,0
P01367,40,6,0,2,2,88.4,111.6,96.2,0.92,158.4,9.4,0,0,0,1,0
P01368,51,8,0,3,6,65.0,131.3,96.3,0.58,156.5,13.9,0,0,0,0,0
P01369,88,6,1,2,1,65.1,112.7,96.6,2.29,80.6,13.2,0,0,0,0,0
P01370,64,4,0,5,3,64.7,101.5,92.6,1.45,86.8,14.3,0,0,0,0,0
P01371,82,2,2,8,1,71.8,137.6,99.3,0.62,156.8,10.5,0,0,1,0,0
P01372,43,2,1,3,2,83.1,154.1,96.2,1.18,137.2,11.5,0,0,0,0,0
P01373,50,10,0,5,0,66.2,113.6,97.8,0.51,152.4,10.2,0,0,0,1,0
P01374,48,6,0,6,1,76.0,145.5,99.6,0.94,84.8,10.2,0,0,0,0,0
P01375,82,4,2,5,3,101.6,142.5,90.2,0.92,91.2,14.7,0,0,0,0,0
P01376,88,7,1,4,3,104.6,108.5,97.9,1.39,145.9,11.8,1,0,1,1,1
P01377,88,9,2,6,0,103.7,113.4,95.5,1.56,94.3,11.7,1,0,0,0,0
P01378,72,3,3,3,4,56.9,164.1,99.1,1.01,56.6,15.2,0,0,0,1,0
P01379,54,6,3,7,2,105.4,105.7,93.6,0.9,95.0,12.3,0,0,0,0,1
P01380,57,6,3,10,4,83.3,115.8,98.8,0.4,115.8,14.9,0,0,1,0,1
P01381,89,11,0,8,2,83.1,167.3,92.8,2.02,201.6,10.9,0,1,0,0,0
P01382,38,4,0,6,0,96.4,116.6,97.2,0.74,87.3,12.3,0,0,0,0,0
P01383,43,2,0,6,1,91.8,155.1,96.9,1.05,122.2,11.2,0,0,0,0,0
P01384,83,6,0,5,2,55.8,107.6,95.5,2.76,216.9,14.1,0,0,0,0,0
P01385,46,7,1,7,1,73.4,130.8,92.9,0.58,75.8,12.6,0,1,0,0,0
P01386,35,5,2,10,3,76.9,149.7,94.9,1.01,154.7,14.5,0,0,0,0,0
P01387,58,12,0,3,2,63.4,118.7,98.8,1.25,93.0,13.3,0,0,0,0,0
P01388,41,4,2,11,3,96.0,130.0,100.0,1.63,143.1,9.1,0,0,0,0,0
P01389,83,5,0,8,2,102.1,142.9,100.0,1.0,230.1,12.5,0,1,0,0,0
P01390,84,1,1,8,5,81.9,110.0,97.6,1.7,160.6,9.9,0,0,0,0,0
P01391,40,2,1,9,3,86.2,172.8,96.8,0.83,131.8,13.7,0,0,0,0,0
P01392,56,3,0,5,2,81.8,148.8,97.3,1.28,82.2,14.1,0,1,1,0,0
P01393,89,4,1,7,2,83.4,120.9,100.0,1.2,117.1,14.3,0,0,0,0,0
P01394,72,2,2,4,1,97.6,123.3,97.6,0.96,99.6,12.8,1,0,0,0,0
P01395,33,7,1,5,1,57.3,166.2,96.3,1.16,59.7,9.7,0,0,0,0,0
P01396,61,3,2,6,6,88.8,120.9,95.2,0.67,50.0,13.4,0,0,0,1,1
P01397,63,17,1,2,2,82.2,118.6,95.5,0.87,87.6,13.8,0,1,0,0,0
P01398,65,3,1,6,1,72.0,150.9,97.2,0.56,123.6,12.6,0,0,0,0,0
P01399,19,5,0,4,1,75.0,100.0,93.7,0.82,175.4,13.2,0,0,0,0,0
P01400,39,5,1,7,4,107.7,126.4,94.1,1.67,91.8,9.2,0,0,0,0,0
P01401,80,2,3,9,0,63.4,129.7,95.8,1.21,133.6,13.1,0,0,0,0,0
P01402,35,4,2,5,3,79.6,113.9,94.6,1.15,50.0,12.8,0,0,0,1,0
P01403,39,4,0,5,2,104.8,96.7,97.8,0.49,89.0,10.6,0,1,0,0,0
P01404,41,8,1,5,4,64.2,129.4,98.0,1.15,50.0,14.1,0,0,0,1,1
P01405,30,6,3,4,4,75.6,141.8,96.8,0.97,225.5,12.0,0,0,0,1,1
P01406,29,7,1,8,3,82.6,114.4,97.5,1.27,133.9,13.5,0,0,0,0,0
P01407,43,8,2,6,5,87.8,104.4,96.4,1.86,132.5,14.0,1,0,0,0,1
P01408,81,7,0,8,2,80.9,153.1,84.6,0.83,149.1,13.7,0,0,1,0,1
P01409,18,6,1,3,2,69.5,138.6,93.4,0.87,239.0,10.3,0,0,0,0,0
P01410,38,3,1,6,3,88.3,120.8,98.1,1.51,105.4,12.2,0,0,0,0,0
P01411,22,5,0,6,1,80.6,146.4,93.5,0.76,80.9,17.3,1,0,0,0,0
P01412,58,2,0,6,4,90.8,132.8,98.6,1.04,215.0,15.8,0,0,1,0,0
P01413,36,4,1,5,3,94.9,163.8,98.7,0.41,69.6,14.7,0,0,0,0,0
P01414,75,4,2,4,4,61.2,141.3,95.2,0.87,183.4,13.5,0,1,0,0,0
P01415,60,4,0,7,3,96.5,100.2,94.2,1.8,121.7,11.0,1,0,0,0,0
P01416,75,2,0,6,0,78.4,114.8,96.0,1.16,144.5,12.7,0,0,0,0,0
P01417,64,1,2,4,3,93.6,115.8,95.9,1.5,60.3,12.2,0,0,0,0,1
P01418,50,3,0,7,5,88.9,134.2,97.9,1.54,241.7,12.8,1,1,0,0,0
P01419,80,10,1,3,2,108.0,121.9,89.0,1.84,107.8,10.1,0,0,0,0,1
P01420,52,5,1,6,3,82.1,105.5,93.8,0.86,93.4,14.9,0,0,1,0,0
P01421,87,9,1,4,2,76.4,139.8,93.0,1.53,149.7,7.6,0,0,0,0,0
P01422,90,2,1,3,1,74.8,148.0,88.4,2.75,96.0,14.7,1,0,0,0,0
P01423,60,3,1,3,2,67.5,125.9,94.5,0.99,144.1,14.8,1,0,1,0,1
P01424,67,18,1,6,0,93.3,132.2,91.5,0.55,68.3,17.7,0,0,0,0,1
P01425,36,3,0,7,1,66.6,108.6,94.8,0.77,131.6,12.5,0,0,0,0,0
P01426,77,7,1,6,2,93.2,117.5,94.5,1.23,97.9,12.0,0,1,0,1,0
P01427,67,7,0,3,2,78.9,118.4,97.4,0.47,89.8,13.2,0,0,0,0,0
P01428,83,6,3,3,3,57.3,139.2,95.2,0.71,82.6,14.1,0,0,0,0,1
P01429,37,7,2,8,4,102.8,133.1,90.9,0.86,164.9,12.8,1,0,0,0,0
P01430,75,2,1,4,3,45.0,121.4,97.0,1.05,109.2,10.6,0,0,0,0,0
P01431,52,4,2,7,5,80.9,120.6,100.0,2.24,116.7,14.1,0,0,0,0,0
P01432,31,1,1,6,2,85.3,88.6,99.2,1.36,144.2,13.0,0,0,0,0,0
P01433,30,12,1,4,1,49.7,160.1,98.0,0.61,176.3,11.0,1,0,0,0,0
P01434,59,7,1,4,3,88.2,86.3,95.4,5.7,83.5,9.8,0,0,1,0,0
P01435,41,3,0,10,4,72.6,136.4,94.5,0.99,134.9,17.9,0,0,0,0,0
P01436,25,2,1,9,4,78.5,128.8,94.3,0.47,84.1,14.7,0,0,0,0,1
P01437,49,10,0,7,3,100.8,122.7,96.7,0.63,115.6,14.1,0,0,0,0,1
P01438,65,3,2,11,3,84.0,127.8,92.6,0.63,172.9,12.8,1,1,0,0,0
P01439,41,3,3,6,2,77.1,114.7,96.7,0.55,50.0,14.4,0,0,0,0,0
P01440,87,2,1,4,4,79.6,141.1,94.0,1.26,83.5,10.9,0,0,0,1,0
P01441,74,8,0,4,2,106.9,101.7,90.9,0.4,114.6,13.4,1,0,0,0,0
P01442,55,9,1,10,2,87.7,134.6,94.0,1.56,142.1,13.5,0,0,0,0,0
P01443,86,4,0,6,2,69.6,114.4,99.8,1.44,179.9,10.9,0,0,0,0,0
P01444,49,9,2,6,1,75.2,119.5,96.4,0.81,50.0,12.8,0,0,0,0,1
P01445,28,6,4,6,1,65.3,120.0,85.3,1.51,188.7,12.2,1,0,0,0,0
P01446,20,2,0,3,2,75.7,124.7,94.0,0.61,148.4,11.5,0,0,0,0,0
P01447,86,11,2,5,1,104.5,138.0,98.7,0.68,114.2,11.9,0,0,0,0,1
P01448,88,2,2,2,2,79.7,127.3,95.1,1.28,58.9,9.6,1,0,0,0,0
P01449,71,4,1,12,3,63.3,146.7,97.6,0.91,99.2,15.1,0,0,0,1,0
P01450,25,4,0,7,2,88.0,148.9,94.8,0.75,171.1,16.1,0,0,0,0,0
P01451,39,3,2,6,3,76.5,134.2,96.6,0.95,126.2,11.1,0,0,0,0,0
P01452,20,1,0,5,5,89.9,141.7,96.1,1.81,116.9,15.2,0,0,1,0,0
P01453,21,15,1,2,7,78.6,168.5,94.1,1.78,81.3,12.9,0,0,1,0,1
P01454,35,1,1,7,1,102.2,99.7,97.7,1.21,158.1,13.0,0,0,0,0,0
P01455,59,12,2,8,2,69.3,149.5,100.0,0.85,118.3,10.4,0,0,0,0,0
P01456,22,2,1,4,5,65.7,158.9,97.2,1.26,114.4,11.9,1,0,0,0,0
P01457,89,3,3,6,5,95.1,136.7,96.3,0.68,120.7,14.1,0,0,0,0,0
P01458,51,11,3,5,2,54.0,166.1,93.5,1.69,96.0,11.0,0,0,0,0,1
P01459,37,6,0,5,4,79.6,163.5,98.8,1.53,88.3,11.5,0,0,0,0,0
P01460,55,1,2,7,4,93.2,121.3,94.5,2.39,56.6,12.0,0,0,0,0,0
P01461,75,1,1,7,2,51.3,122.8,97.7,0.7,97.1,6.2,1,0,0,0,0
P01462,40,6,1,5,2,82.9,138.6,98.3,0.66,50.0,13.7,1,0,0,0,0
P01463,21,2,5,10,2,61.1,115.5,99.0,1.28,146.9,14.3,0,0,1,0,0
P01464,21,7,3,14,0,56.2,182.2,99.0,0.88,95.0,13.7,0,0,0,0,1
P01465,80,7,0,5,2,67.1,143.8,98.9,1.57,107.3,14.9,0,0,0,1,0
P01466,26,3,2,1,3,79.4,128.9,92.2,1.81,123.3,12.1,0,0,0,0,0
P01467,64,3,1,3,1,72.1,99.8,93.4,2.15,88.9,16.6,0,0,0,0,0
P01468,46,6,0,4,2,97.5,133.0,91.9,1.03,72.1,11.3,0,0,0,0,0
P01469,74,2,1,5,0,83.2,104.3,91.7,1.49,135.0,12.6,0,0,0,0,1
P01470,22,5,0,5,1,75.2,143.2,100.0,0.79,210.0,12.4,0,0,0,0,0
P01471,83,18,0,7,1,63.7,78.0,93.0,1.1,166.0,13.4,0,0,0,0,1
P01472,68,6,2,7,1,85.1,155.7,92.6,0.98,182.6,12.5,0,0,0,0,0
P01473,50,4,0,7,4,110.8,119.5,95.8,0.95,66.6,12.8,1,0,0,0,0
P01474,33,16,1,5,0,72.2,94.2,93.8,2.27,116.4,11.6,1,0,0,0,1
P01475,89,8,1,3,3,73.8,127.7,100.0,0.55,116.1,12.1,0,1,0,0,0
P01476,40,2,1,8,2,67.1,128.3,95.2,1.0,189.3,8.5,0,0,0,0,0
P01477,53,2,1,6,0,98.6,126.7,97.3,1.02,166.3,14.6,0,1,0,0,0
P01478,46,1,0,4,1,95.0,155.6,93.7,1.34,117.6,11.0,1,0,0,0,0
P01479,34,6,0,3,2,75.8,135.6,91.0,0.61,50.0,12.0,0,0,0,0,0
P01480,48,1,0,5,1,73.6,143.9,93.8,0.87,72.9,10.9,1,0,0,0,0
P01481,29,16,0,4,2,68.8,123.0,93.8,0.76,153.5,14.1,0,0,0,0,0
P01482,18,4,1,4,3,77.9,136.5,93.8,0.4,110.6,11.9,1,0,0,0,0
P01483,39,8,1,7,1,96.3,101.8,91.2,1.69,120.0,8.1,0,0,0,0,0
P01484,26,4,4,3,5,82.6,133.2,96.4,0.52,152.6,13.6,0,1,0,0,1
P01485,48,6,2,6,0,100.0,112.8,95.0,0.49,175.9,11.5,0,0,0,0,0
P01486,80,4,0,5,3,71.9,154.4,91.4,1.53,90.0,13.0,0,0,1,0,0
P01487,29,5,1,7,4,49.6,129.5,96.3,0.86,151.6,14.7,0,0,1,0,1
P01488,18,10,0,4,3,118.5,141.3,98.3,0.87,197.5,11.0,1,0,0,0,0
P01489,26,13,1,4,3,85.0,133.2,99.6,0.88,189.3,12.9,0,0,0,0,0
P01490,55,13,3,7,2,92.9,164.1,88.7,1.62,101.1,11.5,1,0,0,0,1
P01491,38,27,2,9,0,71.0,96.8,93.8,0.78,138.3,15.0,0,0,0,0,1
P01492,53,3,0,5,1,62.9,125.7,91.9,1.31,158.8,13.2,0,0,1,0,0
P01493,20,6,2,5,1,84.2,108.8,94.0,0.6,125.9,13.0,0,0,0,1,0
P01494,42,3,2,8,3,54.1,87.0,100.0,1.16,113.8,10.5,0,0,0,0,0
P01495,47,10,0,7,2,78.3,107.5,93.8,1.5,50.0,14.5,0,0,0,0,0
P01496,49,2,1,10,1,96.3,151.4,94.6,1.88,86.1,14.8,0,1,0,0,0
P01497,58,10,0,3,2,88.3,127.4,93.5,0.5,93.7,11.5,0,0,0,0,0
P01498,74,5,2,1,2,85.6,123.6,100.0,0.88,68.2,13.3,0,0,0,1,0
P01499,52,4,1,10,3,106.4,143.5,89.1,2.05,129.9,14.2,0,0,0,0,0
P01500,79,5,3,9,1,87.3,130.3,94.3,1.51,164.0,17.4,0,0,0,0,0
P01501,56,2,2,8,2,55.3,140.3,93.4,0.91,106.1,13.8,0,0,0,1,0
P01502,37,2,2,3,1,79.9,134.5,90.8,1.0,50.0,13.0,1,0,0,0,0
P01503,34,5,0,9,6,109.0,138.9,99.3,1.14,119.7,12.7,0,0,0,0,0
P01504,41,5,1,10,1,77.7,119.0,90.6,0.85,137.3,12.8,0,0,0,0,1
P01505,61,3,2,5,2,108.1,148.9,94.6,1.28,134.3,14.5,1,0,0,0,0
P01506,35,4,0,5,1,96.3,103.8,95.8,1.25,92.5,11.2,1,0,0,0,0
P01507,84,7,1,6,4,76.3,126.3,93.7,0.61,70.8,14.9,0,0,0,0,1
P01508,53,2,1,4,2,66.9,149.9,90.8,0.8,164.9,9.9,0,0,1,0,0
P01509,81,1,1,3,1,86.8,124.9,95.5,0.82,140.8,14.3,1,1,0,1,0
P01510,67,12,0,1,2,99.8,119.4,93.7,0.89,94.3,14.9,1,0,1,0,0
P01511,42,6,2,5,2,59.9,173.8,98.4,1.13,57.4,14.6,1,0,0,1,0
P01512,34,3,1,12,1,83.7,156.4,97.5,1.08,135.0,13.5,0,1,0,0,0
P01513,72,3,3,5,1,53.4,130.8,100.0,0.72,84.6,13.8,0,0,0,0,0
P01514,42,2,0,7,2,77.2,108.6,96.3,1.83,142.2,12.2,0,0,0,1,0
P01515,36,10,3,6,4,58.8,87.3,97.8,1.0,132.1,10.8,0,0,0,0,0
P01516,85,2,2,8,2,89.9,142.2,94.9,1.93,218.5,13.5,0,1,0,0,0
P01517,53,6,2,8,1,72.4,153.3,100.0,1.91,121.5,13.1,0,0,1,0,0
P01518,21,6,1,7,2,98.2,135.9,96.0,0.62,215.0,14.8,1,0,0,0,0
P01519,54,8,1,7,2,74.4,93.8,95.7,0.8,128.7,12.7,0,0,0,0,0
P01520,51,3,0,6,2,73.2,131.2,97.6,0.83,95.0,13.3,0,0,0,0,0
P01521,81,11,0,3,3,59.4,118.3,94.1,1.15,77.5,13.6,0,0,0,0,0
P01522,69,8,0,3,2,87.5,131.2,94.5,1.39,85.5,14.1,1,0,0,0,1
P01523,31,3,0,7,2,88.9,166.9,97.6,1.07,144.3,14.9,1,0,0,0,0
P01524,28,3,1,2,3,95.2,143.8,98.2,0.78,130.8,11.1,0,0,0,0,0
P01525,62,4,0,6,3,91.2,139.5,97.8,2.1,50.0,14.4,0,0,0,1,0
P01526,21,3,0,3,1,87.6,127.1,95.8,0.82,170.9,12.6,1,0,0,1,0
P01527,41,2,1,8,2,90.3,136.3,96.8,1.4,191.5,14.3,0,0,0,0,0
P01528,28,5,3,5,2,91.8,113.5,98.9,0.98,50.0,16.0,0,0,0,1,0
P01529,19,4,2,4,1,94.7,139.1,92.7,0.97,170.5,8.8,0,0,0,0,0
P01530,85,13,2,4,1,60.6,124.1,96.0,1.35,200.7,15.4,0,0,0,0,0
P01531,24,3,1,5,1,75.5,111.6,87.3,2.0,50.0,12.8,0,0,0,0,0
P01532,18,3,0,3,2,59.3,144.3,98.2,1.15,104.0,11.3,0,1,1,0,0
P01533,86,5,1,4,1,86.6,83.4,93.7,0.8,86.8,12.1,0,0,0,1,0
P01534,31,6,0,5,2,104.8,117.1,93.7,1.95,168.8,10.9,1,0,0,0,0
P01535,77,6,0,2,2,94.5,140.3,95.6,1.25,106.3,14.0,0,0,0,0,0
P01536,20,6,2,2,2,73.5,152.5,97.9,1.08,104.5,10.9,0,0,0,0,0
P01537,29,5,2,2,3,89.1,137.4,100.0,1.59,144.0,15.4,0,1,0,0,0
P01538,26,5,1,7,1,86.9,114.6,91.3,1.16,195.2,14.4,0,0,0,0,0
P01539,69,7,2,3,1,85.3,127.0,93.5,3.02,122.2,13.5,0,0,0,0,0
P01540,63,2,2,8,2,63.8,133.8,96.7,1.0,103.8,8.9,1,0,0,0,0
P01541,52,3,3,4,0,100.4,159.2,93.8,1.68,112.2,10.4,1,0,0,0,0
P01542,35,1,0,1,2,65.5,146.4,98.5,1.22,154.6,12.8,0,0,0,1,0
P01543,24,2,3,8,1,76.9,146.6,95.5,1.22,65.1,12.9,0,0,0,0,0
P01544,59,9,0,9,1,95.4,129.3,98.7,0.85,124.3,14.9,0,0,0,0,0
P01545,34,7,0,2,5,76.8,106.6,95.3,0.85,82.8,7.2,0,0,0,0,0
P01546,61,14,1,5,2,83.1,99.9,97.6,1.25,70.9,11.5,0,0,0,0,0
P01547,68,12,2,5,1,83.7,122.0,93.1,0.68,50.0,14.7,0,0,0,0,1
P01548,80,7,1,7,1,82.9,142.0,100.0,0.77,101.8,12.3,1,0,0,0,0
P01549,54,5,0,6,0,83.6,118.0,90.9,1.01,173.5,12.1,1,1,0,1,1
P01550,18,5,1,10,2,85.0,139.4,93.9,1.75,50.0,9.8,0,0,0,0,0
P01551,38,1,0,5,3,83.0,112.1,91.7,1.04,149.4,15.1,1,0,0,0,0
P01552,80,4,0,10,2,69.5,115.2,98.4,1.03,95.8,12.0,1,0,1,0,0
P01553,56,3,0,5,4,60.3,156.2,97.6,0.62,77.1,15.2,0,0,0,1,1
P01554,63,2,2,7,6,96.0,143.3,92.3,2.14,140.5,15.9,1,1,0,0,1
P01555,51,6,1,10,3,96.6,121.9,99.0,1.65,184.0,15.6,0,0,1,0,0
P01556,29,4,1,3,2,86.7,111.4,93.9,1.73,192.4,12.9,0,0,0,1,0
P01557,83,5,1,6,4,86.6,147.0,97.2,0.52,137.8,12.0,1,0,0,0,1
P01558,74,2,1,4,2,69.2,145.5,97.9,1.17,121.8,11.9,0,0,0,0,0
P01559,90,8,1,7,3,47.9,140.8,95.3,0.66,142.6,16.9,0,0,0,0,1
P01560,80,3,1,8,3,78.5,124.4,98.7,1.42,236.5,12.6,1,0,0,0,0
P01561,39,6,2,3,3,55.4,106.1,95.6,1.16,111.8,15.1,0,0,0,0,0
P01562,36,4,0,5,0,84.6,127.7,97.0,1.26,176.1,14.0,0,0,0,0,0
P01563,36,1,1,7,3,100.3,156.2,95.2,0.72,98.3,12.2,0,0,0,0,0
P01564,85,6,1,3,1,73.4,109.8,90.4,0.63,87.6,12.5,0,0,0,0,0
P01565,58,4,1,6,1,74.2,128.9,95.6,0.75,204.6,15.4,0,0,0,0,0
P01566,51,1,0,5,0,67.9,160.7,93.4,1.15,125.1,13.1,1,0,0,0,0
P01567,88,2,1,1,2,82.6,121.9,100.0,0.9,135.1,12.1,1,0,0,0,0
P01568,62,8,0,0,3,81.5,125.5,91.9,1.12,149.6,11.4,0,0,0,0,1
P01569,84,1,3,7,5,67.7,101.0,99.7,0.63,84.8,13.6,0,0,0,0,0
P01570,89,3,2,5,0,94.8,140.5,95.5,1.0,105.3,12.0,0,1,0,0,0
P01571,23,15,0,5,2,119.8,113.2,97.2,1.87,96.1,14.2,0,1,0,0,1
P01572,44,6,3,6,2,98.7,96.9,91.9,1.16,139.9,18.0,0,0,0,0,1
P01573,71,8,3,1,2,80.5,108.9,95.1,1.19,141.5,14.0,0,0,0,0,0
P01574,77,4,0,4,3,80.3,132.2,94.0,1.2,98.0,16.6,0,0,0,0,0
P01575,28,1,2,8,2,74.8,96.4,100.0,0.79,216.2,11.6,0,0,0,0,0
P01576,41,5,3,4,2,74.5,100.3,93.9,2.08,123.8,14.4,0,0,0,1,0
P01577,58,2,1,4,4,95.4,139.2,99.5,1.17,129.6,15.5,0,1,0,0,0
P01578,76,2,2,10,1,96.0,126.6,99.5,1.08,185.5,15.8,1,0,0,1,0
P01579,26,5,1,8,6,65.6,109.7,99.4,1.36,85.6,15.6,1,0,0,0,0
P01580,61,2,1,4,4,87.1,121.6,94.2,1.53,101.6,13.0,0,0,0,0,0
P01581,39,5,0,5,2,97.6,162.8,100.0,0.57,137.8,14.8,1,0,0,0,0
P01582,33,3,1,8,2,77.1,153.6,100.0,1.03,58.6,11.0,1,0,1,0,0
P01583,55,4,2,2,1,79.0,125.9,97.1,2.73,114.3,16.2,1,0,0,0,0
P01584,48,3,0,7,6,91.7,144.3,94.6,2.11,217.3,11.1,1,0,0,0,0
P01585,64,4,2,3,4,92.1,130.4,93.4,0.95,207.3,15.5,1,0,0,0,0
P01586,41,11,2,7,2,88.0,92.5,97.4,1.39,165.4,15.1,1,0,0,0,1
P01587,78,8,2,10,0,85.6,88.9,96.2,0.86,178.2,15.1,0,0,0,1,1
P01588,23,4,1,9,3,87.4,109.8,96.5,1.17,147.2,17.1,0,0,0,0,0
P01589,80,10,0,6,2,78.1,96.5,92.0,0.81,105.6,15.1,1,0,0,0,1
P01590,20,6,0,3,2,66.4,133.4,96.1,0.81,199.0,10.3,0,0,0,0,0
P01591,71,10,3,9,6,60.2,117.0,99.4,0.77,82.3,14.2,0,0,1,0,0
P01592,43,1,2,9,2,90.3,136.5,98.4,2.13,168.6,9.2,0,0,0,0,0
P01593,45,2,0,5,0,83.5,136.8,94.8,0.81,102.1,12.8,0,0,0,1,0
P01594,19,5,1,4,2,88.4,141.8,95.7,1.67,104.8,12.2,1,0,0,0,0
P01595,69,4,2,7,2,70.4,109.4,91.6,0.82,149.2,14.3,0,0,0,0,1
P01596,30,4,3,6,3,83.4,138.3,94.0,0.78,216.5,11.4,0,1,0,0,0
P01597,66,7,2,6,3,83.1,108.9,95.0,1.19,189.3,11.4,1,1,0,0,1
P01598,70,5,1,8,1,99.9,142.2,97.9,0.56,140.2,14.0,0,0,0,0,0
P01599,79,8,1,9,0,93.9,152.5,93.9,1.35,127.8,15.3,1,0,1,0,1
P01600,69,8,0,4,2,71.6,142.5,92.9,0.94,160.2,13.0,0,0,0,0,0
P01601,40,2,1,10,2,89.1,124.5,98.3,0.78,186.4,17.6,0,0,1,0,0
P01602,71,1,0,6,4,71.5,139.3,94.7,0.71,50.0,12.3,0,0,0,0,0
P01603,78,2,1,2,2,45.4,97.3,93.5,2.43,119.3,14.4,0,0,0,0,0
P01604,41,2,0,7,3,106.2,92.8,98.4,0.98,77.6,13.7,1,0,0,0,0
P01605,27,5,2,3,0,76.8,137.3,97.4,0.97,115.2,12.3,0,1,0,0,0
P01606,82,5,2,4,0,96.6,154.2,95.4,1.48,68.4,15.6,1,0,0,0,0
P01607,28,4,0,4,3,72.7,103.4,94.9,0.68,50.0,11.2,0,0,0,0,0
P01608,61,6,2,4,2,70.7,128.3,97.1,1.67,65.6,8.8,0,0,0,0,1
P01609,35,19,0,3,4,74.3,136.8,97.6,0.98,100.1,12.7,0,0,0,0,1
P01610,27,4,0,6,4,85.5,115.7,96.6,0.54,151.4,12.5,0,1,0,0,0
P01611,74,5,0,7,3,84.5,121.2,96.4,0.79,88.4,15.1,0,0,0,1,0
P01612,28,4,4,4,2,89.0,140.3,94.2,0.61,86.0,10.5,0,0,1,1,1
P01613,66,3,1,9,3,75.1,130.2,94.4,1.04,142.8,14.0,0,0,0,0,0
P01614,68,7,1,8,1,82.6,130.3,95.5,0.7,137.9,13.8,0,0,0,0,0
P01615,22,4,1,7,2,70.2,108.4,93.1,0.67,201.6,13.6,1,0,0,0,0
P01616,30,2,0,6,3,102.6,127.4,92.8,1.14,167.1,15.1,0,0,0,0,0
P01617,75,3,1,4,6,63.6,120.0,95.7,1.02,78.8,13.0,0,0,0,1,1
P01618,55,8,1,4,2,70.5,121.1,99.0,1.72,94.8,13.1,0,0,0,1,1
P01619,26,7,1,8,1,76.1,117.2,89.8,1.69,158.6,13.9,1,1,0,0,0
P01620,90,3,2,5,1,115.4,127.5,94.8,1.03,85.1,12.8,0,1,0,0,1
P01621,37,6,0,4,1,92.7,110.6,96.8,1.25,110.4,10.3,0,0,1,0,0
P01622,18,5,1,8,1,70.0,128.2,99.2,0.53,50.0,12.2,0,0,0,0,0
P01623,85,5,2,4,0,93.5,120.7,100.0,1.37,66.2,12.5,1,0,0,0,0
P01624,19,3,1,6,1,89.2,109.4,95.2,1.2,181.7,11.9,0,0,0,0,0
P01625,58,2,1,1,3,85.8,89.0,100.0,1.54,132.5,12.4,1,0,0,0,0
P01626,90,4,0,5,1,91.7,146.9,97.4,0.87,96.7,13.4,0,0,0,0,0
P01627,60,2,1,5,5,82.8,142.9,98.4,0.87,103.0,12.5,1,0,0,0,0
P01628,60,2,2,3,3,84.4,111.9,92.8,0.88,202.2,14.7,0,0,0,0,0
P01629,46,1,1,1,1,60.3,141.6,97.4,1.91,95.4,14.7,0,0,0,0,0
P01630,27,1,0,9,1,102.2,107.5,98.7,1.14,146.3,8.2,1,0,0,1,0
P01631,59,3,2,5,3,75.7,121.9,93.9,0.51,164.2,10.1,0,0,0,0,0
P01632,83,9,0,5,2,64.7,117.4,88.2,1.34,190.0,8.2,0,0,0,0,1
P01633,24,8,1,2,1,74.9,122.4,96.4,0.81,86.7,12.5,1,0,0,0,0
P01634,82,13,3,1,1,75.5,140.9,95.4,1.63,62.0,12.3,0,0,0,0,1
P01635,48,2,1,1,1,70.8,120.0,100.0,1.27,75.3,13.3,1,0,0,0,0
P01636,57,7,4,6,2,92.9,121.2,94.4,1.75,157.9,14.7,0,0,0,1,0
P01637,30,4,1,5,1,95.6,142.9,93.9,1.6,214.6,12.9,0,0,0,0,0
P01638,63,3,2,9,4,54.6,129.2,92.5,1.52,159.5,11.8,0,0,0,0,0
P01639,31,9,1,7,3,74.8,116.2,94.1,1.67,95.3,13.0,1,0,0,0,0
P01640,37,4,1,7,5,75.8,132.8,100.0,1.44,178.5,12.0,0,0,0,0,0
P01641,70,1,2,7,1,79.6,147.9,91.2,0.73,103.9,10.0,0,0,0,0,0
P01642,21,8,0,6,3,105.9,149.1,92.0,0.6,87.6,14.9,0,0,0,0,0
P01643,50,6,1,6,2,70.6,101.5,95.8,0.69,110.1,13.8,0,0,1,0,0
P01644,61,5,1,6,1,103.9,102.5,100.0,1.39,98.8,15.9,0,0,0,0,0
P01645,27,2,0,4,1,80.0,148.0,98.2,0.4,93.4,10.5,0,0,0,0,0
P01646,39,5,1,8,1,104.0,122.2,100.0,0.99,180.0,9.8,0,0,1,1,0
P01647,43,11,4,4,3,77.6,84.0,94.8,0.89,101.8,11.1,0,0,0,0,1
P01648,66,6,2,7,1,76.0,113.4,91.8,1.73,53.6,13.8,0,0,0,0,0
P01649,89,1,1,7,2,81.7,119.2,94.7,0.95,151.4,14.7,1,0,0,0,1
P01650,79,6,0,6,3,100.1,121.7,95.6,0.85,82.0,13.6,1,0,0,0,1
P01651,31,6,2,1,2,84.2,143.3,96.0,1.81,83.5,13.3,1,0,0,0,0
P01652,19,7,1,1,4,84.9,109.4,95.4,0.96,156.6,14.7,1,0,0,0,1
P01653,21,6,2,9,3,90.9,146.7,97.8,0.89,92.4,12.1,1,0,0,0,0
P01654,61,2,2,6,1,69.7,133.7,93.9,0.8,104.6,15.1,0,0,0,0,0
P01655,29,5,0,12,5,86.7,102.3,93.2,1.14,126.9,17.0,0,0,0,0,0
P01656,34,4,0,3,1,73.2,121.6,92.4,0.86,112.1,10.9,0,0,0,1,0
P01657,79,5,4,6,4,102.6,137.9,96.6,0.86,105.7,12.5,0,0,0,1,1
P01658,81,9,0,2,0,87.9,128.8,96.3,1.92,50.0,10.2,1,0,0,0,1
P01659,79,3,2,8,3,91.7,135.6,99.3,1.02,117.2,11.1,0,0,0,0,1
P01660,36,14,0,3,4,53.4,116.3,100.0,0.82,197.6,13.8,1,0,0,0,0
P01661,63,6,3,5,2,91.9,139.1,92.4,0.64,153.3,9.6,0,1,0,0,0
P01662,62,8,1,9,2,79.5,120.0,96.1,1.09,108.1,11.4,0,1,0,0,0
P01663,31,7,0,7,1,61.9,178.9,95.4,0.78,146.2,15.1,0,0,0,0,0
P01664,58,6,5,6,2,83.3,101.6,91.4,0.85,153.2,13.4,0,0,0,0,0
P01665,56,7,2,4,2,60.7,182.0,94.4,0.68,87.1,14.5,1,0,0,0,0
P01666,46,1,1,5,1,90.6,109.0,100.0,1.09,181.6,10.4,0,0,0,0,0
P01667,72,7,0,11,4,102.1,153.4,94.1,0.56,132.3,13.1,0,0,1,0,0
P01668,67,2,1,5,5,56.9,144.5,93.6,1.2,110.9,16.8,0,0,0,0,1
P01669,56,4,0,7,5,81.6,109.8,95.8,0.78,196.6,11.7,0,0,0,0,0
P01670,70,6,2,11,4,79.7,140.0,98.7,1.38,50.0,12.0,1,0,0,0,1
P01671,73,9,1,6,2,54.1,118.1,95.1,1.24,72.1,14.2,0,0,0,0,0
P01672,59,2,0,3,2,94.8,133.5,96.4,1.05,153.9,11.2,1,0,0,0,0
P01673,37,3,0,6,2,90.8,131.0,89.1,1.46,155.3,14.4,0,1,0,0,0
P01674,73,4,0,3,0,110.4,121.0,97.7,2.02,199.1,9.4,0,0,0,0,0
P01675,70,5,0,3,3,88.9,119.4,96.7,1.77,50.0,8.1,0,0,0,0,0
P01676,89,4,0,7,0,69.7,134.8,98.7,0.55,163.6,13.6,0,0,1,0,0
P01677,28,7,1,4,1,89.2,109.9,90.4,0.76,69.0,11.0,0,0,0,0,0
P01678,48,1,1,3,4,100.0,110.7,95.1,0.8,143.9,11.9,0,0,0,0,0
P01679,85,4,2,6,1,75.5,147.1,98.9,1.33,122.1,14.8,1,0,0,1,1
P01680,55,12,2,6,2,93.9,136.6,94.3,0.79,163.2,14.2,1,0,1,1,1
P01681,86,4,0,3,1,49.0,101.9,96.2,0.78,114.4,10.5,0,0,0,0,0
P01682,18,6,2,2,3,102.7,107.9,94.8,0.72,170.5,14.0,1,0,0,0,0
P01683,20,8,0,2,4,93.2,85.3,94.8,1.14,87.7,12.4,1,0,0,0,0
P01684,76,6,0,13,0,46.4,146.2,99.5,1.33,121.3,13.8,0,0,0,1,0
P01685,44,15,1,4,1,87.4,141.8,91.7,0.58,133.7,13.0,0,0,0,0,0
P01686,55,5,0,5,1,54.2,106.2,95.8,0.79,200.5,10.0,0,0,0,0,0
P01687,49,7,2,3,3,73.4,141.0,96.8,0.43,162.5,11.6,0,0,0,0,1
P01688,47,5,0,5,2,91.5,167.7,98.8,0.4,134.2,8.2,1,0,0,1,1
P01689,86,11,1,7,1,80.1,97.2,95.6,1.24,153.8,13.4,0,0,0,0,1
P01690,24,3,2,4,5,99.6,115.7,98.9,1.15,173.9,13.8,0,0,0,0,0
P01691,74,15,1,3,1,82.9,96.8,95.8,1.08,141.9,11.6,1,0,0,1,1
P01692,82,3,1,2,3,81.5,147.0,96.4,2.04,78.9,12.8,1,0,0,0,0
P01693,65,13,1,4,2,97.4,126.1,96.2,0.47,153.3,11.1,0,0,0,0,0
P01694,46,2,1,6,1,77.3,120.0,98.0,0.4,123.7,15.5,0,0,0,0,1
P01695,29,7,1,3,0,81.6,132.5,97.6,0.6,109.1,10.4,0,0,0,0,0
P01696,67,5,1,6,5,83.5,116.9,92.7,0.4,89.7,12.4,0,0,0,0,0
P01697,52,8,4,7,3,81.1,120.0,96.7,0.76,151.1,10.4,0,0,1,0,0
P01698,28,6,1,5,1,98.2,133.5,97.6,1.3,148.0,13.5,1,1,0,0,0
P01699,44,8,1,4,3,72.7,115.8,100.0,1.14,82.0,15.1,0,0,0,0,0
P01700,88,2,0,7,4,70.4,118.6,93.0,1.59,75.2,8.8,0,0,1,0,0
P01701,37,1,1,9,2,67.1,124.9,97.6,1.18,210.1,14.3,1,0,0,0,0
P01702,31,2,1,8,1,52.0,129.8,95.0,0.83,163.7,16.3,1,0,0,0,0
P01703,67,2,3,5,2,102.8,140.0,96.6,0.79,128.9,13.3,0,0,0,0,0
P01704,32,2,0,7,6,69.4,139.7,92.8,1.22,152.3,11.7,0,0,0,0,0
P01705,85,3,0,2,2,78.7,98.0,96.0,0.5,104.0,12.9,0,0,0,0,0
P01706,80,3,0,7,3,103.8,156.2,97.0,0.4,117.2,11.9,0,1,0,0,0
P01707,89,5,1,6,3,80.0,129.2,93.1,1.19,126.0,16.9,0,1,0,0,0
P01708,84,2,0,6,2,89.2,121.4,100.0,1.11,168.4,14.7,0,0,0,0,0
P01709,35,3,0,2,4,62.1,109.9,91.4,2.03,61.4,14.8,0,1,1,0,0
P01710,33,4,1,4,0,101.6,167.8,97.6,1.37,79.1,17.3,0,0,0,0,0
P01711,43,9,1,6,0,80.3,175.2,88.7,1.15,69.9,15.7,0,0,0,0,0
P01712,52,3,0,4,2,67.7,165.3,95.2,0.87,163.4,12.8,0,0,0,0,1
P01713,82,4,1,8,5,67.7,130.4,97.4,0.69,120.5,13.1,0,0,0,1,1
P01714,71,5,3,3,1,105.7,134.9,98.1,0.88,83.8,17.7,0,0,0,0,0
P01715,65,2,2,6,5,73.8,157.8,95.7,1.54,115.0,11.5,0,0,0,0,0
P01716,82,4,2,9,2,68.0,123.2,95.3,1.23,96.6,12.7,0,1,0,0,1
P01717,65,3,0,4,4,75.9,138.8,97.7,1.52,60.4,11.0,0,0,0,0,0
P01718,45,8,0,6,2,82.6,132.5,98.9,1.05,181.7,9.4,0,0,0,0,0
P01719,48,8,1,7,5,84.1,166.4,100.0,0.67,118.3,11.2,0,0,0,0,0
P01720,55,2,1,8,3,88.2,156.7,92.1,1.69,182.8,11.3,0,0,0,0,0
P01721,24,4,2,6,0,85.3,125.2,95.4,1.62,59.8,11.7,0,0,0,0,0
P01722,72,7,1,3,1,91.1,158.5,89.4,1.09,147.7,14.2,1,0,0,0,0
P01723,65,6,0,5,2,78.2,127.9,91.9,1.28,60.1,13.0,1,0,0,0,0
P01724,71,6,3,10,1,111.0,117.1,93.9,1.25,235.0,15.0,0,0,1,0,1
P01725,56,2,3,6,2,75.2,122.3,98.6,0.81,50.0,13.3,0,1,0,0,0
P01726,75,13,0,4,2,100.9,130.9,94.6,0.89,205.8,13.4,0,0,0,0,0
P01727,87,3,0,4,2,73.6,112.3,95.1,0.66,124.1,12.4,1,0,0,0,0
P01728,59,3,1,6,1,62.0,117.6,96.9,0.89,116.8,16.9,0,0,0,0,0
P01729,50,2,1,12,2,58.7,99.1,94.0,1.59,151.5,12.2,0,0,0,0,0
P01730,25,4,0,3,2,86.3,111.6,90.0,1.46,82.8,14.8,0,0,0,0,0
P01731,74,10,1,9,1,98.3,132.7,93.8,1.29,160.3,10.6,0,0,0,0,0
P01732,83,6,1,5,1,65.9,148.8,95.6,1.54,163.6,12.5,0,0,0,0,0
P01733,69,4,1,9,0,69.7,146.3,97.4,0.85,125.5,17.0,0,0,0,0,0
P01734,81,8,0,5,3,87.4,136.6,95.4,0.59,136.3,14.4,1,0,0,0,0
P01735,80,9,0,2,6,82.0,97.4,97.4,0.93,211.8,10.2,0,0,0,0,0
P01736,76,8,0,6,5,73.8,110.8,98.8,0.97,154.3,10.9,1,0,1,0,1
P01737,54,1,1,6,2,64.1,124.1,99.4,1.36,89.8,16.2,0,0,0,0,0
P01738,25,8,1,6,2,86.3,147.3,96.5,1.26,158.8,13.2,0,0,0,0,0
P01739,18,6,1,7,1,91.1,116.9,92.6,1.58,100.8,12.4,1,0,0,0,1
P01740,32,2,4,3,1,88.9,103.6,92.3,0.4,92.1,11.4,0,0,0,0,0
P01741,49,6,1,5,1,82.4,157.0,92.5,0.7,148.1,12.4,0,0,1,0,0
P01742,72,10,2,6,2,67.2,113.3,92.8,0.96,79.6,15.8,0,1,0,0,1
P01743,51,3,3,5,0,86.4,105.4,96.3,1.24,127.1,11.6,0,0,0,0,0
P01744,19,8,0,4,3,85.4,132.5,100.0,2.57,155.3,11.8,1,0,0,0,0
P01745,33,6,0,4,1,63.6,127.0,96.6,0.64,210.9,14.2,1,0,0,0,0
P01746,89,1,1,1,2,77.8,118.0,95.7,0.73,153.7,10.9,0,0,0,0,0
P01747,90,4,0,5,1,87.1,128.0,98.9,0.83,58.9,11.1,0,0,0,1,0
P01748,45,6,1,9,1,80.9,109.5,93.5,0.71,65.9,13.0,1,1,0,1,1
P01749,76,4,3,5,2,54.6,117.8,99.1,0.67,202.7,13.1,0,0,0,0,0
P01750,70,6,0,7,1,73.0,127.3,98.9,1.02,96.5,11.4,0,0,0,0,0
P01751,85,4,0,4,1,72.1,87.3,96.2,1.56,56.8,13.9,1,0,0,0,0
P01752,82,17,2,4,2,89.8,147.1,100.0,1.06,79.8,13.4,0,0,0,0,1
P01753,63,3,3,6,2,118.4,100.5,99.3,0.68,160.7,9.1,0,0,0,0,1
P01754,46,2,1,4,1,83.9,109.2,96.1,0.92,130.1,14.6,0,0,0,0,0
P01755,63,8,0,9,2,65.2,148.0,95.6,0.63,154.1,11.9,0,0,0,0,0
P01756,41,4,3,3,2,79.8,139.4,94.7,1.56,123.5,14.6,1,0,0,0,0
P01757,43,4,1,1,0,82.1,129.7,95.6,1.94,75.4,17.2,1,0,1,0,0
P01758,62,4,1,5,1,92.6,93.8,95.7,0.49,50.0,12.9,1,0,0,0,0
P01759,59,8,0,3,3,99.4,115.9,95.0,1.11,87.4,11.7,1,0,1,0,0
P01760,60,2,2,4,4,101.5,123.7,95.4,0.7,130.5,15.8,0,0,0,0,0
P01761,46,8,2,6,0,89.5,125.1,92.4,1.03,71.7,11.3,1,1,0,0,0
P01762,47,7,2,4,0,82.0,150.8,94.3,0.96,169.2,16.8,0,0,0,0,0
P01763,18,14,2,3,4,102.8,167.9,91.2,0.55,80.0,12.1,1,0,0,0,1
P01764,61,5,0,5,0,77.1,140.3,97.2,1.72,50.7,11.7,0,1,0,0,0
P01765,60,2,1,10,1,82.8,117.3,96.2,0.93,125.0,17.7,1,0,0,0,0
P01766,86,5,0,5,2,78.6,152.3,95.6,0.81,159.2,13.7,1,1,0,0,0
P01767,54,6,1,4,1,52.2,116.2,98.7,1.05,192.2,16.2,0,1,0,0,0
P01768,52,10,3,8,0,99.8,75.5,93.4,0.68,52.5,12.9,0,0,0,0,0
P01769,22,2,2,5,3,91.5,103.0,93.9,0.92,189.1,12.8,0,0,0,0,0
P01770,32,1,2,6,1,48.8,80.6,91.6,0.44,133.3,7.1,0,1,0,0,0
P01771,42,5,1,10,3,96.0,120.3,99.1,0.4,97.1,15.0,0,0,0,0,0
P01772,45,14,0,1,4,77.8,124.4,97.8,0.65,155.6,13.8,0,0,0,0,1
P01773,44,7,0,2,0,95.8,96.1,100.0,0.79,186.0,12.8,1,0,0,0,0
P01774,46,8,0,8,4,83.1,110.9,100.0,0.45,50.0,14.2,0,0,0,0,0
P01775,74,1,2,8,2,63.0,99.5,94.7,0.8,105.6,13.1,0,0,0,0,0
P01776,27,5,2,0,2,82.4,125.5,93.9,0.79,100.5,11.1,0,0,0,0,0
P01777,42,10,0,10,1,69.4,110.9,90.6,0.97,153.2,13.7,0,0,0,0,0
P01778,29,6,3,4,1,64.9,148.2,92.7,1.32,190.7,12.6,0,0,0,0,0
P01779,40,1,3,5,4,94.1,131.4,95.0,2.16,128.3,14.5,0,0,0,1,0
P01780,67,5,3,5,3,87.5,160.1,89.8,1.21,111.9,12.4,0,0,0,0,0
P01781,21,7,1,0,2,103.0,118.9,92.8,0.64,145.0,12.1,0,1,0,0,0
P01782,42,4,1,5,2,76.5,170.9,95.8,1.35,114.4,11.9,0,0,0,0,0
P01783,19,2,1,4,3,68.5,128.1,98.7,1.88,50.0,11.2,0,0,0,0,0
P01784,87,8,2,2,4,90.9,117.4,93.8,0.6,148.3,12.0,1,0,0,1,1
P01785,71,3,2,3,0,70.3,176.2,96.4,0.62,169.4,13.9,0,0,0,1,0
P01786,35,6,3,5,1,77.7,91.4,100.0,0.53,173.3,11.5,0,0,0,0,0
P01787,32,5,1,4,3,89.4,116.9,90.6,0.78,73.0,10.6,0,1,0,0,0
P01788,25,3,0,9,3,80.2,94.7,99.3,1.18,152.3,14.6,0,0,0,0,0
P01789,52,15,2,10,1,75.2,91.2,97.1,1.95,194.0,12.7,0,1,0,0,1
P01790,73,3,1,5,7,62.4,86.7,99.8,1.49,238.9,14.5,0,0,0,0,0
P01791,60,5,0,3,4,95.1,140.3,98.9,1.19,146.6,12.6,0,1,0,0,0
P01792,82,5,0,3,2,76.8,101.4,94.0,1.02,169.3,11.9,0,0,0,0,0
P01793,43,5,0,7,2,90.7,122.9,96.0,1.19,80.3,9.5,0,0,1,0,0
P01794,38,14,3,4,2,88.8,145.8,91.6,1.22,74.4,10.7,0,0,0,0,1
P01795,52,7,1,5,4,97.3,137.3,94.4,1.8,169.4,11.3,0,1,1,0,1
P01796,32,3,2,3,2,78.7,136.3,96.1,0.99,50.0,13.6,0,0,0,0,0
P01797,89,12,2,5,3,77.1,152.3,96.9,1.13,132.0,12.8,0,0,0,0,0
P01798,31,8,2,5,1,66.5,160.2,98.4,0.83,189.4,10.9,0,0,0,1,0
P01799,52,3,0,5,1,74.4,103.0,100.0,1.05,157.1,7.4,0,0,0,0,0
P01800,56,11,3,7,2,86.8,137.7,94.7,0.89,156.8,13.9,1,0,0,0,0
P01801,22,1,1,3,1,70.6,122.6,99.4,0.59,122.8,14.8,1,0,0,0,0
P01802,52,2,0,9,2,86.4,125.1,96.8,1.48,106.6,14.9,0,0,1,1,0
P01803,51,1,2,7,2,102.5,97.8,92.1,1.95,222.0,11.1,0,0,0,0,1
P01804,36,1,1,4,2,75.8,117.4,95.5,0.98,180.5,15.1,0,0,0,0,0
P01805,27,10,1,8,1,63.6,119.5,96.3,1.16,163.1,14.1,0,0,0,0,0
P01806,21,5,0,6,3,76.2,156.6,93.5,1.47,126.3,14.1,0,0,0,0,0
P01807,18,1,0,4,0,62.1,104.9,92.9,0.94,98.7,11.8,0,0,0,0,0
P01808,53,5,3,3,1,100.7,80.3,92.8,1.09,173.6,12.7,0,0,0,0,0
P01809,24,8,1,6,3,83.2,127.9,94.4,0.91,111.2,16.7,0,0,0,0,0
P01810,88,3,0,5,2,71.8,102.9,93.4,0.78,128.5,16.4,0,0,0,0,0
P01811,35,4,1,4,4,74.2,125.2,99.7,1.26,152.7,12.9,0,0,0,0,0
P01812,65,16,2,7,0,65.5,141.2,88.6,1.26,134.4,13.4,1,0,0,0,1
P01813,67,4,0,6,1,96.2,126.0,96.3,1.51,194.7,8.6,0,0,0,0,0
P01814,54,1,1,6,0,107.7,119.4,97.6,1.0,65.6,15.4,0,1,0,0,0
P01815,82,3,0,2,2,61.1,124.9,93.1,0.58,128.0,14.5,0,0,0,0,0
P01816,26,1,1,1,1,96.6,144.9,95.3,1.65,221.2,13.7,0,0,0,0,0
P01817,35,7,1,4,4,78.6,104.9,95.0,0.72,165.4,11.8,0,0,0,0,0
P01818,36,2,0,7,3,99.7,142.6,95.8,0.71,116.1,13.1,0,1,0,0,0
P01819,27,2,2,1,1,56.3,107.9,98.0,0.79,160.9,15.9,0,0,0,0,0
P01820,39,17,0,1,4,85.2,140.0,97.7,0.46,122.9,13.7,1,0,0,0,1
P01821,40,2,1,5,2,76.3,97.1,94.2,0.91,191.0,18.0,0,0,0,0,0
P01822,73,1,1,4,3,91.2,138.9,91.5,1.32,162.0,14.6,1,0,0,1,1
P01823,40,2,1,5,2,82.9,126.0,96.5,0.82,86.0,11.2,0,0,0,0,0
P01824,81,9,3,2,2,82.3,129.9,94.0,1.83,135.7,12.2,0,1,0,0,1
P01825,74,7,2,3,0,80.5,147.2,94.4,1.78,143.8,11.6,0,0,0,0,0
P01826,83,3,1,5,4,103.9,111.6,96.7,1.49,146.1,14.7,0,0,0,0,0
P01827,25,3,1,5,4,79.6,127.5,94.7,0.42,139.3,15.3,1,0,0,0,0
P01828,89,6,0,3,0,94.1,134.1,96.9,1.91,150.4,16.4,0,0,0,0,0
P01829,62,5,0,5,2,90.8,122.0,100.0,0.9,143.9,12.3,0,0,1,0,0
P01830,89,4,3,6,1,94.4,142.3,98.1,2.13,92.5,13.9,0,0,0,0,0
P01831,43,7,1,3,2,67.8,134.6,100.0,0.76,104.5,15.6,0,0,0,0,0
P01832,87,2,1,3,2,91.9,116.4,97.5,0.94,113.6,16.1,0,0,0,0,0
P01833,60,2,1,5,0,86.7,153.2,96.2,1.04,129.3,10.5,1,0,0,0,0
P01834,23,7,2,7,1,65.3,139.2,97.6,0.66,113.7,14.2,0,0,0,0,0
P01835,47,6,1,11,1,79.0,111.1,97.4,0.48,174.6,10.6,0,0,0,0,0
P01836,28,5,2,4,1,114.1,110.9,98.6,0.4,81.8,11.8,0,0,0,0,0
P01837,86,16,1,5,2,76.5,123.6,96.2,3.78,50.0,10.4,1,0,0,0,0
P01838,40,8,0,7,0,76.9,136.9,92.1,0.47,213.5,11.8,1,0,0,0,1
P01839,34,3,3,2,0,88.3,83.7,91.6,0.47,88.2,10.1,1,1,0,0,1
P01840,58,2,0,11,2,74.4,112.0,97.4,1.29,174.5,10.6,0,0,0,0,0
P01841,49,6,1,5,1,84.0,116.5,92.6,0.53,152.4,11.2,0,0,0,0,0
P01842,25,10,0,11,3,75.7,99.2,98.1,0.48,89.8,13.6,1,0,0,0,0
P01843,77,1,2,8,2,87.6,107.6,100.0,0.4,119.0,13.1,1,0,0,0,0
P01844,79,6,2,2,3,81.1,130.7,95.3,1.14,112.3,9.7,0,0,1,0,1
P01845,72,4,1,3,2,109.3,118.2,99.6,0.62,141.0,18.0,0,0,0,0,0
P01846,63,5,0,2,1,82.6,119.8,96.8,1.34,90.5,12.0,1,0,0,0,0
P01847,47,1,2,7,1,78.9,100.4,96.1,0.97,117.1,10.3,1,0,0,0,0
P01848,57,10,2,8,5,96.4,123.7,96.2,1.04,123.3,14.2,1,0,0,0,0
P01849,56,12,2,6,1,62.5,97.9,93.5,0.82,174.6,13.0,1,0,0,0,1
P01850,30,7,3,4,1,105.7,157.2,93.1,0.88,106.5,11.4,1,0,0,0,0
P01851,23,13,0,10,5,68.2,162.9,91.1,0.67,81.1,13.8,0,0,0,0,0
P01852,36,3,0,7,2,98.7,118.5,93.8,0.7,100.5,11.7,0,0,0,0,1
P01853,51,6,3,5,4,102.4,105.6,100.0,0.61,141.5,12.4,1,0,0,0,1
P01854,29,7,0,7,2,74.6,145.1,91.5,1.98,50.0,15.9,0,0,0,0,0
P01855,25,6,0,7,3,76.0,139.8,92.5,0.84,178.9,13.2,1,0,0,0,0
P01856,80,4,3,6,0,80.5,165.5,93.6,0.4,125.9,14.2,0,0,0,0,0
P01857,45,4,2,6,3,90.7,170.8,93.7,1.12,144.5,12.0,0,0,0,0,1
P01858,60,11,0,4,3,68.0,87.5,96.8,0.7,134.9,13.3,0,0,0,0,1
P01859,56,5,4,4,5,80.5,151.2,94.2,0.98,95.0,11.5,0,0,0,0,0
P01860,71,10,0,4,4,77.6,123.5,95.4,0.89,76.3,11.4,0,1,0,0,0
P01861,72,4,2,5,3,65.9,139.0,93.5,1.96,93.5,12.2,0,0,0,0,0
P01862,39,10,2,3,1,67.4,143.6,94.6,0.84,57.2,11.6,0,0,1,0,0
P01863,79,5,2,6,0,83.8,142.7,95.8,1.44,140.7,15.1,1,0,1,0,0
P01864,45,7,1,2,2,83.5,148.0,95.6,1.38,117.7,14.2,0,0,0,0,0
P01865,78,3,0,4,2,71.3,116.8,100.0,0.54,56.0,8.4,0,1,0,0,0
P01866,47,6,1,7,2,83.1,108.9,95.9,1.09,97.3,16.4,0,0,0,0,0
P01867,26,3,4,5,2,72.9,151.7,95.4,0.71,154.3,14.3,1,0,0,0,0
P01868,73,3,0,10,2,100.3,110.6,88.5,0.58,183.2,15.3,0,0,0,0,0
P01869,20,4,1,6,2,80.6,165.2,96.7,0.58,67.2,12.7,1,0,0,0,0
P01870,74,4,2,3,3,97.4,112.7,90.1,1.45,222.3,10.0,0,0,0,0,0
P01871,21,9,1,4,3,58.3,120.4,97.7,3.28,81.8,10.4,0,0,0,1,0
P01872,33,3,1,4,1,86.5,124.2,96.4,0.7,50.0,16.4,0,0,0,0,0
P01873,62,5,1,5,4,90.3,97.2,98.4,1.1,204.1,9.7,1,0,0,0,0
P01874,86,10,2,3,1,80.1,97.2,94.1,1.15,78.2,10.1,0,0,0,0,1
P01875,47,7,0,4,2,74.5,146.2,96.1,0.79,193.6,12.1,1,0,0,0,1
P01876,26,1,2,9,1,79.8,93.6,98.0,1.88,95.1,10.2,0,0,0,0,0
P01877,35,1,2,4,5,92.4,178.4,93.2,2.69,111.8,14.1,0,0,1,0,0
P01878,83,6,1,6,2,65.1,126.1,97.8,0.76,66.3,14.2,0,1,0,0,1
P01879,71,3,0,3,2,91.8,107.4,97.7,2.18,182.5,13.8,0,1,0,0,0
P01880,25,1,1,6,1,86.5,136.4,95.6,0.78,176.3,11.8,0,0,0,0,0
P01881,46,3,2,4,0,78.3,78.8,100.0,0.65,95.3,13.6,0,0,0,0,0
P01882,37,6,1,7,1,78.9,121.3,97.5,0.94,121.6,16.6,1,0,0,0,0
P01883,30,4,3,4,0,82.9,123.9,91.0,1.48,154.8,10.1,0,0,1,0,0
P01884,79,5,0,6,6,105.2,102.7,99.0,0.95,103.8,15.2,0,0,0,0,1
P01885,63,4,0,4,3,86.9,115.4,94.0,1.39,186.4,14.6,0,0,0,0,0
P01886,31,3,2,4,5,68.8,158.5,98.4,1.11,120.2,12.8,0,1,0,0,1
P01887,65,6,1,7,3,75.9,131.7,96.9,1.84,101.6,13.3,0,0,0,0,1
P01888,48,1,3,3,3,66.0,136.0,88.1,1.27,53.8,13.7,0,0,0,0,1
P01889,22,2,1,1,4,55.5,112.3,97.8,1.99,66.8,11.0,0,0,0,1,0
P01890,50,8,2,7,3,65.7,101.5,95.3,0.68,151.5,9.7,0,0,1,0,0
P01891,31,1,2,3,1,83.7,123.2,94.6,0.91,135.6,14.8,0,1,0,1,0
P01892,35,5,1,8,2,99.8,78.8,94.7,1.0,161.7,10.5,1,0,0,1,0
P01893,82,3,5,3,1,95.9,106.1,98.4,0.68,99.7,10.8,0,0,0,0,0
P01894,69,3,0,8,0,65.8,103.0,93.2,0.64,51.1,12.0,0,0,0,0,0
P01895,27,8,3,6,0,70.8,87.2,99.3,1.19,102.7,13.6,0,0,0,0,0
P01896,80,9,0,9,5,68.9,141.0,91.4,1.35,216.7,12.0,0,0,0,1,0
P01897,59,2,0,7,2,45.9,125.4,96.9,1.05,81.6,11.6,0,0,0,0,0
P01898,81,4,1,5,2,79.7,115.6,98.3,1.61,123.4,14.9,0,0,0,0,0
P01899,72,1,1,5,1,93.2,141.4,98.2,0.61,50.0,12.3,0,1,0,0,0
P01900,42,8,1,3,0,78.5,95.1,96.6,0.84,101.6,11.4,0,0,0,1,0
P01901,57,4,3,7,2,64.3,101.1,95.4,0.59,106.4,13.8,0,0,0,0,1
P01902,56,1,2,2,2,70.2,150.3,94.4,1.06,139.9,13.1,0,0,0,1,0
P01903,70,2,1,9,3,77.4,173.6,92.3,1.25,110.7,13.1,0,0,1,0,1
P01904,36,2,0,5,3,92.8,141.7,93.9,1.83,56.7,13.9,0,0,0,1,0
P01905,42,2,2,5,4,79.4,137.4,93.1,0.59,95.1,12.7,0,0,0,0,0
P01906,35,1,0,6,2,90.9,116.4,92.6,1.18,115.8,14.7,1,0,0,1,0
P01907,39,11,3,7,1,80.9,116.8,100.0,1.91,80.2,10.1,0,0,0,0,0
P01908,29,2,3,7,1,85.3,132.5,90.8,0.64,86.7,15.5,1,0,0,0,1
P01909,20,5,4,9,2,68.8,155.5,99.4,0.57,170.2,11.2,0,0,0,0,0
P01910,86,6,1,4,3,72.4,136.5,92.3,0.52,96.9,9.7,0,0,0,0,1
P01911,23,9,1,5,3,64.4,147.2,92.9,1.32,144.8,11.4,0,1,0,0,0
P01912,82,5,0,4,3,90.4,109.7,92.9,0.72,117.0,12.3,1,0,1,0,0
P01913,18,4,2,4,4,77.9,140.3,92.7,1.24,69.7,11.5,1,0,0,0,0
P01914,74,5,0,4,5,45.0,114.6,98.8,0.91,110.0,11.1,0,0,0,0,1
P01915,41,2,1,3,3,88.7,130.8,97.8,2.25,138.1,15.0,0,0,0,0,0
P01916,55,2,2,2,2,95.6,140.3,95.3,1.43,203.2,11.3,0,0,0,0,0
P01917,38,4,1,4,2,70.6,117.4,100.0,0.7,90.2,8.5,1,0,0,0,0
P01918,53,1,3,4,0,88.7,107.7,95.9,0.87,121.2,12.3,0,0,0,1,0
P01919,50,3,1,4,1,79.1,135.3,96.2,1.43,165.9,17.1,1,0,0,0,0
P01920,56,3,0,13,2,52.4,125.3,93.9,0.62,181.7,10.9,0,0,0,1,0
P01921,46,15,0,5,2,109.3,130.7,93.6,1.7,95.8,11.2,0,0,1,0,0
P01922,57,10,0,5,2,79.1,141.1,94.4,0.89,118.0,12.2,1,0,0,0,0
P01923,78,6,0,3,1,84.8,154.1,98.6,1.44,175.1,16.1,0,0,0,0,0
P01924,49,8,1,4,5,73.3,141.3,97.7,0.92,148.0,12.3,1,0,0,0,0
P01925,44,2,3,11,2,77.9,138.6,99.9,0.79,171.5,11.0,0,0,0,0,0
P01926,27,5,1,7,1,84.3,118.0,93.8,0.73,177.7,13.7,0,0,0,0,0
P01927,44,8,1,1,6,67.4,121.1,97.8,2.18,149.9,13.6,0,0,0,0,0
P01928,27,2,4,5,3,105.7,137.1,96.9,0.88,131.5,14.0,0,0,0,0,0
P01929,31,1,4,10,3,93.7,120.7,97.3,4.0,94.8,10.9,1,0,0,0,1
P01930,87,6,1,7,3,89.2,137.0,93.4,1.07,114.0,11.9,0,0,0,1,1
P01931,24,1,0,6,2,80.0,111.7,92.9,0.68,117.0,15.3,1,0,0,0,0
P01932,53,7,1,7,2,71.3,166.6,97.6,0.49,179.0,13.8,0,0,0,0,0
P01933,78,9,1,10,2,96.4,131.9,98.6,1.74,132.9,14.6,0,0,0,0,0
P01934,87,2,3,10,4,90.5,130.6,94.1,0.92,133.4,12.9,0,0,0,0,0
P01935,28,2,0,8,0,76.4,118.3,97.8,1.45,80.3,15.1,0,0,0,0,0
P01936,29,9,1,6,2,66.8,166.3,99.6,2.84,179.2,13.6,0,0,0,0,0
P01937,45,5,3,7,2,59.9,102.9,94.9,1.35,90.5,12.0,0,0,0,1,0
P01938,58,8,2,5,4,82.4,113.9,91.7,1.16,112.2,14.5,0,0,0,1,0
P01939,88,4,1,4,2,78.5,145.1,92.1,1.74,183.9,11.2,1,0,0,1,0
P01940,33,4,1,6,1,98.6,132.8,94.0,1.44,164.9,16.1,0,0,0,0,0
P01941,30,5,2,4,1,95.9,116.5,94.7,0.57,86.8,15.0,1,0,0,0,0
P01942,36,13,1,3,1,82.5,117.0,95.9,1.82,76.5,12.4,0,0,0,1,0
P01943,81,8,0,8,0,80.9,122.2,96.0,0.98,115.8,12.6,0,0,0,1,0
P01944,20,3,0,1,1,65.9,130.0,95.2,2.0,99.1,13.3,0,0,0,0,0
P01945,45,5,0,6,5,96.9,159.1,98.0,1.26,59.0,12.7,1,0,0,0,0
P01946,26,4,6,5,3,81.2,140.1,93.7,1.71,91.1,15.6,0,0,0,0,1
P01947,29,3,0,5,1,90.5,148.5,99.8,0.9,50.0,11.9,0,0,0,0,0
P01948,84,7,2,4,1,98.5,119.3,98.8,0.51,165.7,10.0,0,0,0,0,0
P01949,18,6,1,6,1,74.1,138.3,98.6,1.29,162.8,12.5,1,0,0,0,0
P01950,41,2,1,4,4,70.4,96.9,94.0,1.55,188.4,14.5,0,0,1,0,0
P01951,84,5,2,4,3,116.6,131.6,95.7,0.78,140.9,15.0,0,0,1,0,0
P01952,62,3,0,6,0,90.3,130.4,98.2,0.91,104.8,13.2,0,0,0,0,0
P01953,23,6,3,7,2,78.1,164.4,95.4,0.4,171.1,11.7,1,0,0,0,0
P01954,51,3,2,8,1,99.4,159.2,93.9,0.93,93.4,12.9,0,0,1,0,0
P01955,88,4,1,8,2,77.7,122.8,93.8,0.57,65.3,11.7,0,0,0,0,1
P01956,47,3,1,2,2,86.6,111.7,93.9,1.26,118.4,8.4,1,0,0,1,0
P01957,56,1,1,8,0,74.0,112.2,92.5,1.16,143.5,11.3,0,0,0,0,0
P01958,56,12,4,3,0,81.8,122.1,100.0,1.01,88.5,14.0,0,0,0,0,1
P01959,66,5,1,10,0,78.2,154.0,90.1,1.81,77.9,12.5,0,0,0,0,0
P01960,31,13,2,3,2,71.5,136.3,93.1,1.11,106.2,12.4,0,0,0,0,0
P01961,79,5,0,4,3,85.4,138.4,97.8,1.09,143.5,15.2,0,0,0,0,0
P01962,90,7,2,6,1,73.1,144.2,94.0,1.16,118.5,11.1,0,0,0,0,1
P01963,28,3,0,6,3,90.1,108.1,94.9,0.77,243.6,11.3,0,0,0,0,1
P01964,77,3,1,8,2,77.7,113.8,97.2,1.56,118.9,13.7,0,0,0,0,0
P01965,77,4,1,4,3,57.9,138.4,99.1,0.66,158.8,11.6,0,0,0,0,1
P01966,72,13,1,7,2,90.7,112.4,95.2,1.21,59.8,11.6,0,0,0,0,0
P01967,45,2,2,2,6,90.9,97.5,98.8,1.73,151.4,16.1,0,0,0,0,0
P01968,52,1,1,5,2,113.5,106.3,90.9,0.63,104.2,10.9,0,0,0,0,0
P01969,79,9,0,3,2,82.2,149.1,94.2,0.55,124.6,11.5,1,0,0,0,0
P01970,29,8,0,3,3,84.6,120.5,97.5,0.63,200.9,13.9,0,1,0,1,0
P01971,78,3,3,5,0,88.7,132.5,100.0,2.27,108.2,12.9,0,0,0,0,0
P01972,85,16,0,4,3,96.3,107.3,93.1,0.76,66.1,10.3,1,0,0,0,1
P01973,67,16,0,6,7,95.4,135.6,92.6,0.58,73.2,16.6,1,0,0,0,1
P01974,42,1,4,3,0,86.5,122.6,97.0,1.18,132.8,11.4,1,0,0,1,0
P01975,58,3,1,5,1,81.5,136.9,96.2,0.4,130.3,12.5,0,0,0,0,0
P01976,21,4,1,6,1,93.8,118.4,93.8,0.65,128.5,13.9,1,1,1,0,0
P01977,86,6,1,9,5,81.0,138.1,92.3,1.89,67.2,17.3,1,0,0,0,1
P01978,42,5,0,3,3,64.0,117.5,94.5,0.65,216.2,12.2,0,0,1,0,0
P01979,22,5,1,3,1,61.0,126.4,97.6,0.89,190.9,11.2,0,1,0,0,0
P01980,75,2,2,4,2,77.9,122.6,95.0,1.14,130.9,14.0,0,0,0,0,0
P01981,66,7,0,5,3,83.7,128.5,99.5,1.14,56.5,17.2,0,0,0,0,0
P01982,63,7,0,7,1,116.6,133.6,95.6,0.79,196.3,13.3,0,0,0,1,0
P01983,21,9,2,4,3,80.3,118.1,97.8,1.28,176.2,12.4,0,0,0,0,0
P01984,72,2,1,5,4,82.7,125.6,96.8,1.92,129.6,13.8,1,0,0,0,0
P01985,64,4,0,3,1,76.3,131.7,94.8,0.62,178.9,8.8,1,0,0,0,1
P01986,75,3,0,6,4,90.7,138.2,98.5,0.8,102.8,11.8,1,0,0,0,1
P01987,78,2,2,5,2,85.9,126.5,92.3,0.95,81.8,9.3,0,0,0,0,1
P01988,33,4,2,7,1,73.1,110.3,94.3,1.37,132.1,12.3,0,0,0,0,0
P01989,33,2,0,7,2,67.8,129.7,94.8,1.02,55.1,12.0,1,0,0,0,0
P01990,85,1,1,5,0,76.4,141.4,97.1,0.94,75.0,7.7,0,0,0,0,0
P01991,56,8,2,6,1,70.2,101.3,97.9,0.5,149.5,13.4,0,0,0,0,0
P01992,49,3,1,8,1,78.8,101.6,93.6,0.6,135.8,14.2,0,0,0,0,0
P01993,38,3,1,6,0,84.0,114.8,93.1,1.09,62.8,12.6,0,0,0,0,0
P01994,64,10,1,5,1,75.0,124.2,96.2,0.79,106.6,9.9,0,0,1,0,1
P01995,73,7,1,5,2,102.4,84.1,91.4,0.86,64.8,15.5,1,0,0,0,1
P01996,18,1,1,4,2,98.2,139.5,99.0,0.97,103.0,16.8,0,0,0,0,0
P01997,58,6,0,4,2,78.8,124.3,95.3,2.87,98.1,13.8,1,0,0,0,0
P01998,90,6,3,1,2,68.5,81.0,92.5,0.8,169.7,12.3,0,0,0,1,1
P01999,38,4,1,2,2,81.6,105.7,92.4,1.87,117.9,12.3,0,0,0,0,0
P02000,38,4,2,3,3,80.1,122.0,96.9,1.81,114.1,13.9,1,0,0,0,0
P02001,82,1,2,1,4,81.1,92.5,96.9,1.44,107.3,13.2,1,0,0,0,0
P02002,22,16,1,6,2,76.4,147.4,93.7,0.68,50.0,13.9,1,0,0,0,0
P02003,47,4,2,6,4,67.3,131.7,95.7,1.06,120.6,13.9,0,0,0,0,0
P02004,51,6,2,2,4,82.5,141.6,92.6,0.84,146.7,11.5,0,0,0,0,1
P02005,76,4,1,6,3,77.1,107.4,95.2,2.48,135.4,11.4,1,0,0,0,0
P02006,27,3,1,5,1,78.3,136.2,100.0,1.2,156.2,12.4,0,0,0,0,0
P02007,49,8,0,6,1,83.3,114.8,100.0,0.91,158.4,13.9,1,0,0,0,0
P02008,29,5,1,8,2,81.0,124.2,95.4,2.23,223.9,9.9,0,0,0,0,0
P02009,75,4,0,7,3,83.0,135.1,97.3,0.85,74.2,12.5,1,0,0,0,0
P02010,64,6,0,5,3,76.4,126.6,97.2,1.28,135.6,12.9,0,0,0,0,0
P02011,54,4,3,4,1,87.0,144.2,90.8,1.37,140.6,12.0,0,0,0,0,0
P02012,46,13,1,1,3,72.0,130.8,92.6,1.17,110.6,15.8,0,0,0,0,0
P02013,29,8,2,9,1,66.8,118.7,89.1,0.95,96.5,15.5,1,0,1,0,0
P02014,85,7,1,6,3,69.5,144.9,97.3,1.46,147.4,13.8,0,1,0,0,1
P02015,65,1,1,3,1,72.5,149.1,100.0,0.75,143.1,16.5,0,0,0,0,0
P02016,41,7,4,10,1,64.0,129.8,99.2,1.65,77.6,14.8,0,0,0,0,0
P02017,48,7,2,2,2,58.3,154.7,96.1,0.88,50.0,13.3,0,0,0,1,0
P02018,71,2,0,6,2,89.0,123.3,95.7,1.83,102.9,12.0,0,0,0,0,0
P02019,70,1,0,0,4,99.8,125.4,94.9,1.6,94.7,12.2,0,0,0,0,1
P02020,51,8,0,4,5,89.8,128.1,99.2,1.28,152.1,13.8,1,0,0,0,0
P02021,40,8,2,7,2,75.2,125.4,96.6,0.96,83.4,12.3,0,0,0,0,0
P02022,66,3,1,1,3,58.0,121.8,96.2,1.64,117.0,10.0,0,0,0,1,0
P02023,66,3,1,4,5,84.7,113.7,92.7,1.29,50.0,12.2,1,0,0,0,0
P02024,61,5,0,5,1,59.5,108.1,97.8,0.4,55.2,15.1,0,0,0,0,0
P02025,23,3,0,4,4,80.8,130.2,95.6,0.69,90.4,7.9,0,0,1,0,0
P02026,52,1,1,5,2,70.8,152.0,97.2,1.08,113.7,15.8,0,0,0,0,0
P02027,62,2,1,4,2,50.1,144.3,99.0,1.13,88.1,14.1,1,0,0,1,0
P02028,87,6,0,7,1,102.7,135.8,91.1,1.37,131.4,12.5,1,0,0,0,1
P02029,56,2,1,1,0,64.4,153.0,95.1,2.01,50.0,13.6,1,0,0,0,0
P02030,43,9,4,6,1,77.0,128.4,94.7,1.3,115.3,14.9,1,0,0,0,1
P02031,58,7,3,5,2,80.2,108.2,94.4,0.4,115.8,13.1,0,0,0,0,0
P02032,30,6,2,9,4,75.4,121.0,92.6,1.09,59.8,14.9,0,0,0,0,0
P02033,24,5,2,4,3,88.5,126.8,93.8,1.73,135.3,14.7,1,0,0,0,0
P02034,67,3,1,6,4,71.6,117.8,92.7,1.05,50.0,13.4,0,1,0,0,0
P02035,89,7,0,8,4,87.3,140.2,98.5,1.1,94.2,10.8,0,0,0,0,0
P02036,79,3,3,10,2,86.5,146.7,97.1,0.8,160.4,12.8,0,0,0,0,0
P02037,60,9,0,5,1,62.7,93.4,96.9,1.53,50.0,8.9,0,0,0,1,0
P02038,20,12,2,4,0,85.3,125.1,90.2,0.85,155.2,13.9,0,1,0,0,0
P02039,90,5,1,5,3,67.2,75.0,100.0,1.31,72.5,12.2,0,1,0,0,1
P02040,50,11,2,6,3,65.7,126.2,94.8,1.21,98.4,11.8,0,0,1,0,1
P02041,39,2,3,5,5,86.1,125.9,100.0,1.02,188.3,14.3,0,0,0,0,0
P02042,83,7,5,2,6,76.3,163.5,98.2,1.24,96.8,10.5,0,1,0,0,1
P02043,72,5,0,2,6,87.2,157.5,95.3,1.09,197.6,13.2,0,0,0,0,0
P02044,72,8,2,6,1,87.3,146.6,100.0,1.78,111.3,12.3,0,0,0,0,0
P02045,38,1,5,1,4,62.0,108.8,97.7,1.36,121.2,12.6,0,1,0,0,0
P02046,90,7,1,6,2,92.4,107.6,95.3,1.6,162.9,13.6,1,0,0,0,0
P02047,51,3,0,5,1,86.0,106.1,94.8,0.71,149.5,16.6,0,0,0,0,0
P02048,56,5,3,5,2,73.8,158.5,99.1,0.69,131.9,13.8,0,0,0,0,0
P02049,72,16,2,4,6,80.1,109.8,94.4,1.03,104.2,15.7,0,0,0,0,1
P02050,66,7,1,5,0,92.8,120.3,94.9,1.4,55.2,15.8,0,0,0,0,0
P02051,30,6,3,7,0,77.5,110.0,94.2,1.27,57.4,14.5,1,0,0,0,0
P02052,40,6,0,7,2,111.6,102.8,93.7,0.71,184.1,9.3,0,0,1,1,0
P02053,44,10,1,6,1,102.9,134.7,93.9,1.42,201.5,12.5,0,0,1,0,1
P02054,87,8,2,9,2,83.6,131.1,100.0,0.75,130.8,10.8,1,0,0,0,1
P02055,70,6,0,2,1,78.8,83.5,99.0,1.35,50.0,18.0,0,0,0,0,0
P02056,44,5,0,3,3,79.4,102.0,96.7,1.14,90.2,11.0,0,0,0,0,0
P02057,71,5,0,12,3,73.6,133.1,94.4,0.9,88.0,10.0,1,0,0,0,1
P02058,71,4,1,8,0,83.8,126.6,94.3,0.79,100.0,7.5,0,0,1,0,0
P02059,46,2,0,4,1,91.6,120.0,94.9,1.06,85.2,10.9,0,0,0,0,0
P02060,47,7,1,8,1,63.1,140.1,100.0,1.04,148.4,13.2,1,0,0,0,0
P02061,83,3,3,5,3,91.0,99.1,96.9,0.62,136.1,15.2,0,0,0,1,0
P02062,59,4,0,9,0,95.1,116.1,98.2,1.31,196.1,10.9,0,0,0,0,0
P02063,28,8,2,5,1,90.0,138.4,96.6,1.68,107.5,15.3,0,0,0,0,0
P02064,70,4,4,7,6,80.2,115.0,93.3,1.47,134.0,12.9,1,0,0,1,0
P02065,61,4,3,8,2,89.4,134.3,96.3,1.15,158.4,12.0,0,0,0,0,0
P02066,55,5,2,5,2,100.2,105.1,92.8,0.82,171.0,13.3,1,0,0,0,0
P02067,70,4,3,3,2,81.2,111.5,99.6,1.06,69.4,15.8,0,1,0,0,0
P02068,84,15,0,6,1,82.3,92.4,93.8,0.94,143.2,13.1,0,0,0,0,1
P02069,42,14,2,5,0,111.9,86.9,94.3,1.06,131.6,10.8,0,0,0,0,1
P02070,48,14,1,8,0,86.3,118.5,98.4,1.52,138.6,13.8,0,0,0,0,0
P02071,31,6,1,3,1,67.9,137.0,93.9,0.95,127.7,13.8,1,0,0,1,0
P02072,65,3,3,3,1,94.2,125.7,95.3,0.44,202.1,12.6,0,0,0,0,0
P02073,47,8,1,5,0,87.6,151.2,88.1,1.43,84.9,15.0,0,0,1,0,0
P02074,42,4,3,9,3,72.8,120.1,95.0,1.2,82.2,8.4,1,0,0,0,0
P02075,68,9,0,7,4,66.5,85.6,97.8,1.07,88.1,13.7,0,0,1,0,1
P02076,47,3,4,15,2,85.3,134.9,94.1,0.59,111.9,14.6,0,1,0,0,0
P02077,51,6,1,7,4,81.2,106.4,97.7,0.69,138.2,10.1,0,0,0,0,0
P02078,50,10,2,3,2,64.6,130.5,96.0,0.72,104.5,10.0,0,0,0,0,1
P02079,36,4,1,7,0,80.8,82.3,99.3,0.77,170.3,15.0,0,0,1,0,0
P02080,27,4,3,3,3,79.9,122.5,93.8,0.8,124.8,15.3,0,0,0,0,0
P02081,78,1,1,7,2,81.1,142.1,95.3,0.59,120.7,15.7,0,0,1,1,0
P02082,24,3,0,2,0,88.9,139.6,91.6,2.63,65.1,11.6,0,0,0,0,0
P02083,41,6,2,2,3,57.3,123.0,95.7,1.97,206.9,13.4,0,0,0,0,1
P02084,66,6,1,7,2,66.4,127.0,94.7,1.13,122.9,13.7,1,0,0,0,0
P02085,27,7,0,1,0,75.2,118.1,98.9,0.98,198.7,9.6,1,0,0,0,1
P02086,65,1,0,7,1,100.6,122.0,94.1,2.27,97.0,13.3,0,1,1,0,0
P02087,71,4,1,4,4,115.1,140.5,94.7,2.08,162.4,13.3,1,1,0,1,1
P02088,66,1,1,3,1,82.1,113.0,94.0,0.72,99.7,14.5,0,0,0,0,0
P02089,40,6,0,2,2,82.6,115.0,96.1,1.12,206.9,11.9,1,0,0,0,0
P02090,19,1,0,2,1,47.8,96.4,100.0,0.92,175.4,15.5,0,0,0,0,0
P02091,82,2,0,6,2,94.7,140.9,85.5,0.89,163.2,13.2,0,0,0,0,1
P02092,41,8,2,1,0,88.3,121.6,95.9,0.93,92.4,16.4,0,0,0,0,0
P02093,76,3,1,9,2,86.0,102.7,99.5,0.96,210.8,14.5,0,0,1,1,0
P02094,32,11,1,8,1,64.6,144.4,94.5,1.1,216.7,13.6,0,0,0,0,0
P02095,29,7,1,4,4,109.7,126.0,97.6,1.1,107.9,10.6,0,0,0,0,0
P02096,74,4,2,4,1,103.3,112.1,99.5,1.91,132.3,10.4,0,0,0,0,0
P02097,86,9,1,5,4,86.1,144.8,95.2,0.7,166.7,16.2,0,0,0,0,1
P02098,80,4,3,3,3,95.9,120.1,94.0,1.55,50.0,14.8,1,0,0,0,0
P02099,72,8,1,6,5,82.7,95.5,98.8,0.62,176.6,12.4,0,0,0,0,0
P02100,36,3,4,3,0,93.5,146.1,97.5,1.11,171.1,12.2,0,0,0,1,0
P02101,84,9,1,3,4,63.7,110.1,95.8,1.6,99.7,13.4,0,0,0,0,0
P02102,66,1,1,3,1,50.2,187.3,97.8,1.29,50.0,10.3,0,0,0,0,0
P02103,30,2,0,4,1,64.2,118.0,98.9,0.87,140.0,12.1,0,0,0,0,0
P02104,27,2,1,4,0,70.7,86.6,95.8,1.14,74.0,14.2,0,0,0,0,0
P02105,81,3,1,2,4,73.0,162.0,96.9,2.1,53.5,14.5,0,0,0,0,0
P02106,38,6,2,4,4,88.3,125.8,97.6,0.77,141.7,12.3,0,0,0,0,0
P02107,73,5,3,8,3,78.4,132.0,94.6,1.29,184.3,16.2,1,0,0,0,0
P02108,28,8,2,4,4,81.6,134.5,99.6,1.54,115.1,15.1,1,0,0,0,0
P02109,38,10,1,7,2,65.4,99.7,92.9,0.84,178.3,11.5,0,1,0,0,0
P02110,38,1,1,6,5,64.2,83.6,95.6,2.18,154.9,10.4,0,0,0,0,0
P02111,38,11,1,14,1,82.6,166.0,98.3,2.54,63.2,14.2,1,1,0,0,1
P02112,67,4,1,3,3,74.4,95.6,92.8,1.64,100.1,12.1,0,0,1,1,0
P02113,84,14,1,4,2,82.1,159.7,98.6,1.64,173.6,11.7,1,0,0,0,0
P02114,84,3,3,4,2,89.6,137.4,96.6,0.46,99.7,13.4,0,0,0,0,0
P02115,72,1,0,7,1,105.0,130.4,100.0,0.55,161.9,14.4,0,0,1,0,0
P02116,32,7,1,6,1,81.7,117.6,97.8,0.96,106.5,14.6,0,0,0,0,0
P02117,88,7,1,7,4,107.4,173.1,95.5,0.74,157.5,13.1,0,0,0,0,0
P02118,57,2,0,3,1,87.7,113.1,96.7,1.33,144.3,8.4,0,0,0,0,0
P02119,57,2,1,9,0,91.7,113.6,96.8,0.4,113.8,14.9,0,0,0,0,0
P02120,69,8,0,4,1,96.7,140.4,100.0,1.32,156.2,11.4,0,0,0,0,1
P02121,74,6,0,8,5,92.1,113.5,96.3,0.92,50.0,13.6,0,1,0,0,0
P02122,87,4,5,8,4,70.8,106.7,95.6,0.78,76.1,12.8,0,0,0,0,0
P02123,60,6,0,7,0,97.2,125.8,95.4,2.36,104.1,17.5,1,0,0,0,0
P02124,62,6,1,5,4,76.8,140.7,96.6,0.87,177.8,17.1,0,0,0,0,0
P02125,72,2,1,2,1,86.2,164.5,92.6,0.48,59.9,12.1,1,0,0,0,0
P02126,36,8,0,7,3,83.9,168.6,94.9,1.23,123.4,10.3,0,0,0,0,0
P02127,40,7,1,4,2,98.0,91.1,93.0,1.19,139.3,10.5,0,0,0,0,0
P02128,63,5,0,6,4,87.5,147.8,93.4,0.92,136.1,13.5,0,0,0,0,0
P02129,22,8,0,5,5,62.6,107.3,98.4,2.88,120.6,11.9,1,0,0,0,1
P02130,41,15,1,5,0,111.3,108.3,96.1,1.1,97.1,10.8,0,0,0,1,0
P02131,70,2,0,2,0,93.7,116.2,93.8,1.58,113.9,12.0,0,0,0,0,0
P02132,89,4,0,7,0,74.3,114.9,95.5,1.16,168.9,13.9,0,0,0,0,0
P02133,55,4,1,5,1,66.1,105.6,95.3,1.77,94.0,12.8,1,0,0,0,0
P02134,47,8,0,4,2,95.3,80.4,96.2,0.86,50.0,12.0,0,0,0,0,0
P02135,50,3,2,7,1,67.7,155.9,91.5,0.62,146.0,12.3,0,1,0,0,0
P02136,68,8,0,5,2,93.2,144.9,92.7,1.41,192.3,12.7,0,1,0,0,0
P02137,57,3,0,5,5,97.0,126.6,91.7,1.14,77.7,13.4,0,0,0,0,0
P02138,19,2,1,5,4,72.9,107.6,93.3,1.43,186.2,13.6,0,0,0,0,0
P02139,57,5,3,8,3,71.7,151.7,93.8,0.76,148.4,9.7,0,0,0,0,0
P02140,47,3,3,10,1,75.4,125.7,92.9,1.24,73.0,13.3,0,1,0,1,0
P02141,69,5,4,2,3,68.2,115.5,98.3,0.49,93.3,12.3,0,0,0,0,0
P02142,81,6,1,4,1,85.2,94.1,100.0,0.81,91.4,11.0,0,0,0,0,1
P02143,88,1,2,6,4,87.2,137.7,98.5,0.73,132.6,12.3,0,1,0,0,0
P02144,62,3,0,3,3,92.2,120.3,94.3,1.25,116.8,15.3,1,0,0,0,0
P02145,44,5,2,10,0,70.3,132.2,96.6,0.8,174.8,14.6,0,1,0,0,0
P02146,50,8,2,8,2,93.8,130.4,95.8,0.54,163.2,13.2,0,0,1,0,0
P02147,30,7,0,8,2,68.2,139.7,94.2,0.77,55.5,11.2,0,0,0,0,0
P02148,86,2,1,3,2,93.8,131.3,100.0,1.31,61.1,10.3,1,0,0,0,0
P02149,79,4,0,8,2,61.2,120.9,100.0,1.06,152.6,11.1,0,0,1,0,0
P02150,80,6,2,6,4,103.9,138.1,91.6,0.72,101.8,13.0,1,0,1,0,1
P02151,41,4,1,6,1,74.7,146.0,100.0,1.46,117.1,13.1,0,0,0,0,0
P02152,41,3,0,5,1,90.4,157.9,94.2,2.02,149.6,11.7,0,0,0,0,0
P02153,80,5,0,9,0,91.5,104.6,95.2,1.51,163.6,14.8,0,0,0,0,0
P02154,57,6,0,6,1,64.2,149.2,96.8,0.4,69.5,13.8,0,0,0,0,0
P02155,69,2,1,4,3,93.7,95.2,100.0,1.11,50.0,7.7,0,1,0,0,0
P02156,53,7,1,5,2,74.3,147.3,96.8,0.94,119.9,13.2,0,0,0,0,0
P02157,50,5,0,7,1,77.7,115.2,97.2,0.4,86.5,14.5,1,1,0,0,0
P02158,64,7,0,2,3,72.6,143.8,98.6,0.56,128.0,13.4,0,0,0,1,0
P02159,77,4,2,3,2,104.6,156.9,99.0,1.43,121.0,14.2,1,0,0,0,0
P02160,42,13,0,8,1,65.6,131.6,97.5,1.09,81.1,12.5,1,0,0,0,0
P02161,77,6,2,5,3,88.0,127.1,99.1,1.04,218.9,12.9,0,0,0,0,0
P02162,35,8,0,6,3,73.3,126.0,94.2,0.75,125.8,12.9,1,1,0,0,0
P02163,47,7,0,5,0,97.3,118.6,90.8,1.63,99.2,13.4,0,0,0,0,0
P02164,84,4,0,8,2,114.5,150.5,100.0,0.57,129.6,11.8,0,0,0,0,1
P02165,87,6,2,5,1,73.2,125.8,92.9,0.67,148.8,15.2,1,0,0,0,0
P02166,85,3,1,13,3,84.0,84.5,94.4,0.87,96.5,15.8,0,0,0,1,1
P02167,41,13,1,6,1,76.6,145.7,95.0,0.5,229.4,11.9,0,0,0,0,0
P02168,79,6,1,3,4,96.5,144.6,94.5,0.67,56.5,10.7,0,1,0,0,0
P02169,86,2,0,5,0,78.5,128.9,93.8,1.61,59.6,10.3,1,0,0,0,0
P02170,89,11,0,10,4,94.7,112.2,97.4,0.68,53.0,13.8,0,0,0,0,1
P02171,19,4,3,4,1,76.4,104.8,97.4,1.42,125.2,14.2,0,0,0,0,0
P02172,72,8,1,1,5,113.4,112.3,97.9,1.33,146.3,13.8,0,1,0,0,0
P02173,90,1,3,3,1,51.3,132.0,97.7,0.93,110.1,14.0,0,0,0,0,0
P02174,73,10,2,2,0,87.3,91.1,94.7,0.53,146.1,11.9,0,0,0,0,0
P02175,35,6,1,4,3,81.9,136.5,94.7,1.03,145.5,9.0,1,0,0,0,0
P02176,73,2,2,5,3,81.3,129.5,99.4,0.4,108.8,12.0,0,0,0,1,0
P02177,25,6,1,7,1,86.0,153.7,94.4,0.79,144.2,16.3,1,0,0,0,0
P02178,53,12,1,4,2,82.8,142.0,94.4,1.12,116.2,13.5,0,0,1,0,0
P02179,63,3,1,4,3,85.1,113.5,98.8,1.48,106.6,13.8,0,0,0,0,0
P02180,51,3,1,5,7,87.7,94.2,95.9,0.93,102.6,14.8,0,0,0,0,0
P02181,69,4,0,6,1,106.5,111.6,94.5,0.76,135.5,11.3,0,0,0,0,0
P02182,35,5,1,6,0,45.0,155.6,94.5,0.73,179.8,13.4,0,0,0,1,0
P02183,62,9,0,6,3,107.9,133.9,99.4,0.81,70.8,14.0,1,1,0,0,0
P02184,65,6,1,3,1,117.8,139.9,97.8,1.32,103.4,11.1,0,0,0,0,0
P02185,64,4,0,8,1,57.5,115.4,96.7,1.17,132.3,13.7,1,0,0,1,0
P02186,39,6,2,2,2,82.7,137.7,92.5,0.99,204.1,15.6,0,0,0,0,0
P02187,40,13,0,5,0,101.2,97.6,96.7,1.33,144.4,12.2,0,0,0,0,0
P02188,36,7,0,5,3,94.9,146.7,95.4,1.0,88.4,9.6,1,0,0,0,0
P02189,51,4,0,8,0,105.5,104.9,93.3,0.55,83.4,13.3,1,0,0,0,0
P02190,60,4,2,4,2,87.2,88.5,94.2,0.61,169.3,11.7,0,0,0,0,0
P02191,44,5,0,7,4,53.5,173.2,98.1,1.31,110.9,13.4,0,0,0,0,0
P02192,47,9,1,4,0,100.3,130.7,99.7,0.54,69.6,11.3,0,0,0,0,0
P02193,38,3,1,2,1,90.9,130.1,92.8,0.84,170.6,13.1,1,0,0,0,0
P02194,33,8,0,3,5,102.5,90.6,93.2,0.95,138.9,15.5,0,0,0,0,0
P02195,65,4,1,6,1,60.5,140.5,98.1,0.63,71.3,12.9,0,0,0,0,0
P02196,77,5,0,3,2,65.0,145.7,94.8,0.47,64.7,9.7,0,0,0,0,1
P02197,39,20,1,9,2,82.2,124.0,97.7,0.59,50.0,13.8,1,0,0,0,1
P02198,80,7,0,9,0,100.7,145.8,94.7,0.44,97.0,13.0,0,0,0,0,0
P02199,59,3,2,4,2,104.6,151.4,97.7,1.32,138.7,13.4,0,0,0,0,0
P02200,30,6,1,3,0,71.8,138.5,91.9,1.2,168.2,14.9,0,0,0,1,0
P02201,44,9,3,8,3,76.3,84.7,97.6,0.71,144.1,11.9,1,0,1,0,1
P02202,18,7,2,6,0,122.2,105.0,89.7,0.54,66.3,12.4,0,0,0,0,1
P02203,20,1,1,6,2,74.3,161.7,98.8,1.69,112.2,10.9,0,0,0,1,0
P02204,42,5,4,9,3,91.5,129.6,95.9,1.22,189.3,13.4,0,0,0,0,0
P02205,51,6,5,5,2,75.7,129.7,97.3,0.76,102.0,13.3,0,0,0,0,0
P02206,76,6,0,3,0,88.6,111.4,96.7,1.71,159.6,12.5,0,0,0,0,0
P02207,27,3,1,6,2,69.9,115.3,90.9,1.06,154.0,14.5,0,1,0,0,0
P02208,79,7,0,8,2,70.3,151.9,100.0,1.15,159.2,10.9,0,0,0,1,0
P02209,35,10,1,3,1,76.8,158.0,97.0,0.63,144.4,13.3,1,0,0,0,0
P02210,28,1,1,5,2,74.4,143.9,98.3,0.51,159.1,14.2,0,0,0,0,0
P02211,69,1,0,10,3,77.7,139.0,93.6,0.49,58.3,11.9,1,0,0,0,1
P02212,74,6,0,8,0,89.4,140.5,96.7,2.55,193.2,10.3,0,0,0,0,1
P02213,62,8,1,3,2,108.5,126.6,92.1,0.69,50.0,9.6,0,0,0,0,0
P02214,26,3,1,4,5,73.7,103.9,96.4,1.03,139.0,13.3,1,1,0,0,0
P02215,26,1,1,5,5,68.2,99.6,93.2,1.23,122.8,16.4,1,0,0,1,0
P02216,46,5,2,6,1,82.1,154.3,100.0,0.99,96.8,11.8,0,0,0,1,1
P02217,50,6,1,2,0,70.1,127.3,97.8,0.93,81.1,13.9,1,0,0,0,0
P02218,90,4,0,7,1,59.1,137.5,100.0,0.92,149.7,8.1,1,0,0,0,0
P02219,38,9,4,2,1,96.9,132.2,95.3,1.24,161.1,13.7,0,0,0,0,0
P02220,32,6,1,5,3,83.1,133.2,97.2,0.63,120.4,10.8,0,0,1,0,0
P02221,87,3,0,5,2,84.5,134.9,98.7,0.82,112.0,12.2,0,0,0,0,0
P02222,29,3,0,9,3,55.0,141.9,92.8,0.4,182.7,13.2,0,0,0,0,0
P02223,19,5,1,11,4,73.8,112.6,94.0,0.43,106.0,9.7,0,0,0,0,0
P02224,48,4,0,2,2,62.2,151.6,98.9,0.56,123.1,18.0,0,0,0,0,0
P02225,47,1,1,4,1,81.7,113.2,95.3,1.47,115.8,11.8,0,1,0,0,0
P02226,63,6,1,7,2,83.9,132.8,93.8,0.88,236.2,14.2,0,0,0,0,0
P02227,82,3,2,4,4,83.9,104.3,94.1,1.37,87.2,16.0,0,1,0,0,0
P02228,86,3,0,2,1,72.7,124.7,92.3,1.19,162.4,13.6,0,0,0,0,0
P02229,39,2,2,9,2,70.1,114.8,90.1,1.12,50.0,10.5,0,0,0,0,0
P02230,89,12,1,17,5,79.3,128.5,90.9,0.65,81.9,13.2,0,1,0,0,1
P02231,64,7,0,11,2,87.0,142.7,96.1,1.03,111.1,9.3,1,0,0,0,0
P02232,23,14,1,7,3,73.9,129.5,98.0,1.12,119.1,12.3,1,0,0,0,1
P02233,86,4,2,6,2,68.9,167.2,100.0,2.69,112.7,16.4,1,0,1,0,0
P02234,28,7,0,9,1,69.5,143.9,95.9,0.86,120.5,10.2,0,0,0,0,0
P02235,60,6,3,4,2,72.8,123.4,92.2,1.39,94.0,11.4,0,1,0,0,0
P02236,75,3,2,5,1,75.7,126.3,95.9,0.95,182.9,16.7,0,0,0,0,0
P02237,36,4,3,5,4,66.6,135.6,98.1,0.73,80.0,12.7,0,0,0,1,0
P02238,37,7,1,7,3,75.8,142.1,99.1,1.48,158.5,11.2,0,0,0,0,0
P02239,52,2,1,6,3,99.3,103.3,98.8,2.34,155.5,13.8,1,0,0,0,0
P02240,82,9,0,5,0,77.9,140.7,97.7,1.13,82.3,12.1,0,0,0,0,0
P02241,34,5,1,9,1,64.7,103.8,96.3,0.74,108.5,7.6,0,0,0,0,0
P02242,66,8,1,3,5,50.4,138.8,98.2,1.23,124.9,10.3,1,0,0,0,1
P02243,51,6,1,2,1,107.7,150.0,92.4,1.13,200.4,17.1,1,0,0,0,0
P02244,26,1,1,11,1,98.0,134.0,90.0,2.71,108.4,13.7,1,0,0,0,0
P02245,69,5,1,10,5,86.0,81.5,100.0,1.4,288.1,15.9,1,0,0,0,1
P02246,78,9,0,9,0,98.3,92.4,95.9,0.66,159.6,10.9,0,0,0,0,1
P02247,60,5,1,6,2,89.4,139.3,97.6,1.77,140.5,12.9,0,1,0,0,0
P02248,30,5,0,3,3,80.9,78.9,87.6,1.42,164.8,12.7,0,0,0,0,0
P02249,29,5,1,8,5,64.6,140.2,100.0,1.52,50.0,11.9,1,0,0,1,0
P02250,48,1,1,8,2,108.7,147.7,99.5,1.22,177.7,13.4,0,0,0,0,0
P02251,54,10,4,8,1,75.9,150.7,91.3,1.57,65.5,10.8,0,0,0,0,1
P02252,58,1,3,3,4,76.6,123.2,95.0,1.22,164.1,15.4,1,0,0,0,0
P02253,35,11,0,4,1,82.5,136.8,96.8,0.89,98.3,13.9,0,0,0,0,0
P02254,54,4,1,2,3,82.8,132.2,92.2,1.06,89.0,12.7,0,0,1,0,0
P02255,39,6,1,8,0,90.0,98.5,97.5,0.95,204.8,13.3,0,0,1,0,0
P02256,68,1,1,4,2,88.4,142.9,99.1,1.17,120.5,12.4,0,0,0,0,0
P02257,76,8,0,8,1,73.9,155.8,97.0,1.04,56.1,9.6,0,0,0,0,1
P02258,65,7,0,5,3,82.4,141.8,91.3,0.87,168.9,11.0,0,0,0,0,0
P02259,18,7,4,2,3,89.6,117.9,92.9,0.92,70.1,12.6,0,0,0,0,0
P02260,90,1,3,5,3,72.7,142.8,95.6,1.0,186.2,12.3,0,0,0,1,1
P02261,19,3,0,5,2,102.3,154.0,95.3,0.45,124.3,14.3,0,0,1,0,1
P02262,90,6,1,7,5,81.7,151.3,95.3,1.59,67.7,14.1,1,0,0,0,1
P02263,20,10,0,3,2,104.4,148.5,95.2,1.17,162.0,11.9,0,0,0,0,0
P02264,55,2,2,8,3,62.5,96.2,90.6,0.76,148.5,11.1,1,0,1,0,0
P02265,25,2,0,6,1,91.2,136.0,98.4,1.3,50.0,14.5,0,0,1,1,0
P02266,24,6,1,6,1,69.5,140.9,97.9,0.8,122.1,13.4,1,0,0,0,1
P02267,67,19,0,10,2,73.1,148.8,97.6,0.8,138.4,11.8,1,0,1,0,1
P02268,71,3,3,3,3,94.7,138.3,97.3,1.18,135.8,10.7,0,0,0,0,0
P02269,26,4,1,7,2,78.8,159.0,95.1,1.9,116.7,11.6,1,0,0,0,0
P02270,89,3,2,7,0,118.4,91.4,94.2,1.13,158.5,13.8,1,0,0,0,0
P02271,41,4,0,7,2,89.3,139.2,92.9,0.71,150.6,16.4,1,0,0,0,0
P02272,41,10,0,7,5,72.3,137.6,100.0,0.85,126.4,12.6,1,0,0,0,0
P02273,39,4,0,9,2,89.3,146.1,95.9,1.47,114.4,11.3,1,0,0,0,0
P02274,51,20,0,6,2,78.7,158.8,91.0,1.2,131.7,17.3,0,0,0,0,1
P02275,30,5,0,5,2,93.6,110.2,95.9,1.54,97.8,12.3,0,0,0,0,0
P02276,49,11,1,6,1,77.9,158.2,89.7,1.19,79.0,11.4,0,0,0,0,0
P02277,33,4,4,8,5,87.7,144.3,96.7,1.41,74.4,12.2,1,0,0,0,1
P02278,21,2,0,2,2,84.8,124.3,96.4,2.47,120.5,12.1,0,0,0,0,0
P02279,44,4,1,5,1,83.1,109.8,94.4,0.54,86.4,15.5,0,0,0,0,0
P02280,67,7,0,5,3,96.6,131.9,93.2,2.95,117.9,9.7,0,0,0,0,0
P02281,73,3,0,8,0,56.8,133.7,97.7,1.52,184.9,14.2,1,0,0,0,0
P02282,43,10,1,7,3,83.4,134.8,95.8,3.26,115.7,13.0,1,0,1,0,1
P02283,41,3,1,4,0,72.2,115.5,90.2,0.64,131.2,11.9,0,0,1,0,0
P02284,75,2,1,3,1,63.1,140.2,99.6,1.19,114.7,12.3,0,0,0,0,0
P02285,67,18,2,5,3,70.3,119.9,93.2,1.07,183.8,12.5,1,0,0,0,1
P02286,78,2,1,6,3,73.3,152.3,92.0,1.49,199.6,13.2,0,0,0,0,1
P02287,84,3,2,3,6,78.7,162.2,100.0,1.24,103.9,12.1,0,0,0,1,1
P02288,77,7,0,4,0,86.7,111.7,99.2,1.17,157.8,12.9,1,0,0,0,1
P02289,86,4,0,3,4,89.6,129.2,94.7,1.42,219.1,11.4,1,0,0,0,1
P02290,48,2,0,5,4,76.3,147.4,92.2,0.95,72.8,17.4,0,0,0,0,0
P02291,46,3,0,2,3,104.2,133.5,93.3,0.79,169.1,15.0,0,0,0,0,0
P02292,41,15,0,4,3,76.8,100.9,94.7,1.23,50.0,14.0,1,0,0,0,0
P02293,35,7,4,7,5,54.7,145.3,99.6,0.79,126.3,12.1,0,0,0,0,1
P02294,72,8,0,4,3,77.2,115.9,99.9,0.95,118.7,14.6,0,0,0,0,0
P02295,70,6,1,4,1,82.7,132.0,96.5,0.52,50.0,13.6,1,1,0,0,0
P02296,76,6,3,7,7,45.0,108.1,98.0,1.03,174.0,13.2,0,0,0,0,1
P02297,30,3,1,4,1,98.9,143.9,95.4,0.66,131.6,11.9,0,0,0,1,0
P02298,53,5,0,4,1,80.6,119.6,93.4,0.99,83.3,13.5,0,0,0,0,0
P02299,34,1,0,11,0,65.9,146.0,91.5,0.61,139.8,16.4,0,0,0,0,0
P02300,83,9,0,8,5,68.6,123.7,97.0,0.99,165.7,13.2,0,0,0,0,0
P02301,37,3,1,2,1,92.7,118.4,98.7,1.5,50.0,12.5,0,1,0,0,0
P02302,28,2,0,8,5,94.4,136.2,94.5,0.76,50.0,13.2,0,0,0,0,0
P02303,59,5,2,5,1,72.9,106.5,99.6,0.66,123.1,13.1,1,0,0,0,0
P02304,82,4,1,4,0,63.0,164.0,94.8,1.42,90.4,11.9,1,0,0,1,0
P02305,84,9,1,3,5,83.8,131.7,96.3,1.51,185.2,11.5,1,0,0,0,1
P02306,25,5,1,10,2,86.4,116.7,95.3,1.21,108.3,14.6,1,0,0,0,0
P02307,41,3,1,6,2,89.9,120.0,99.7,0.81,138.9,15.4,0,0,0,0,0
P02308,29,5,1,4,0,74.1,128.4,97.5,0.75,116.6,17.5,0,0,0,0,0
P02309,40,12,0,6,2,80.3,147.9,95.8,0.86,55.4,13.9,1,0,0,0,0
P02310,56,9,2,6,3,82.3,110.1,96.2,0.97,126.4,13.2,1,0,0,1,1
P02311,38,7,0,7,2,95.5,120.6,92.4,0.46,65.3,14.8,0,0,0,0,0
P02312,22,9,2,4,3,100.6,127.0,89.3,0.64,63.1,11.2,0,0,0,0,1
P02313,55,7,0,10,2,104.4,158.8,94.4,1.76,75.6,14.3,1,0,0,0,0
P02314,21,2,1,2,1,100.2,148.0,95.4,1.1,71.7,15.1,0,0,0,0,0
P02315,34,8,0,11,4,107.4,159.8,97.6,1.74,115.5,15.0,1,0,0,0,0
P02316,18,10,1,4,3,96.2,128.6,95.5,1.58,107.4,16.3,1,0,0,0,1
P02317,24,10,2,6,1,73.7,156.7,94.6,0.87,137.8,11.8,0,0,0,0,0
P02318,49,2,3,7,0,103.5,153.3,87.2,0.87,54.2,12.0,0,0,0,0,0
P02319,80,3,0,4,5,62.7,141.9,97.6,1.54,113.7,12.6,1,0,0,0,1
P02320,74,3,0,6,5,115.1,143.5,96.6,1.41,103.3,10.8,1,0,0,0,1
P02321,25,4,1,14,4,68.3,116.1,98.4,1.56,134.1,14.1,0,0,0,0,0
P02322,20,6,0,7,0,94.4,164.6,96.1,0.99,136.2,14.4,1,1,0,0,0
P02323,42,5,1,7,6,102.2,123.1,99.4,1.07,132.0,14.1,0,0,0,0,0
P02324,65,5,3,8,3,88.4,139.2,94.3,0.89,80.4,13.3,1,0,0,0,0
P02325,72,2,2,3,0,53.3,141.5,95.9,0.98,126.1,15.0,1,0,0,0,0
P02326,78,3,2,5,2,68.7,100.6,96.7,0.73,101.9,14.2,0,0,0,0,0
P02327,42,11,0,7,0,87.0,127.0,98.0,0.97,184.1,11.8,1,0,0,0,0
P02328,30,10,1,9,3,90.9,132.1,97.2,0.93,130.0,7.1,0,0,0,0,0
P02329,19,4,2,3,2,79.5,125.7,97.4,0.81,128.6,12.3,1,0,0,0,0
P02330,28,8,2,3,1,83.0,127.2,96.8,1.43,67.4,13.1,0,0,0,0,0
P02331,22,6,4,10,2,61.4,157.9,95.4,0.53,98.4,13.1,0,0,0,0,0
P02332,80,8,1,4,2,106.8,111.5,98.7,1.16,136.6,12.6,1,0,0,0,1
P02333,37,8,0,7,3,76.7,102.6,91.0,0.66,121.5,11.9,0,0,0,0,0
P02334,78,5,1,8,3,93.0,116.3,94.1,0.68,121.0,11.3,0,0,0,0,1
P02335,58,7,2,5,4,101.6,142.9,100.0,0.71,50.0,10.9,1,0,1,0,0
P02336,57,6,2,8,1,65.8,144.8,94.0,1.24,88.4,13.9,0,0,0,0,1
P02337,51,5,2,4,1,83.8,140.1,95.8,0.4,112.6,15.2,0,1,0,1,1
P02338,77,4,1,11,2,85.9,146.2,100.0,1.08,179.1,10.5,0,0,0,1,0
P02339,21,13,2,6,2,78.4,133.1,95.6,1.02,50.0,12.9,0,0,0,0,0
P02340,24,5,1,3,1,95.0,117.6,93.5,0.65,78.0,14.6,0,0,0,0,0
P02341,48,8,3,6,0,72.7,109.1,99.6,1.09,50.0,12.6,0,0,0,0,1
P02342,46,13,0,2,0,82.8,102.8,95.1,0.58,139.6,14.4,0,0,0,0,0
P02343,57,7,0,2,3,76.8,123.5,95.3,0.98,178.4,15.2,0,0,0,0,0
P02344,71,7,0,2,0,114.6,143.8,90.1,0.57,141.2,13.8,0,0,0,0,0
P02345,60,5,1,8,1,72.7,132.7,95.6,2.52,151.0,12.0,0,0,0,0,0
P02346,36,6,2,6,2,92.4,128.5,98.0,1.47,78.6,15.6,0,0,0,0,0
P02347,41,4,0,8,4,107.2,106.9,94.7,1.12,141.6,12.5,0,0,0,0,1
P02348,72,21,1,5,2,69.1,179.6,92.2,0.65,90.2,12.5,1,0,0,0,0
P02349,32,2,1,8,2,83.3,111.5,94.6,0.88,127.7,14.0,0,0,0,0,0
P02350,54,4,1,5,4,68.2,130.4,94.2,0.9,147.6,12.4,0,0,0,0,0
P02351,57,7,0,3,2,53.8,148.1,95.2,1.12,111.9,12.6,1,0,0,0,0
P02352,72,7,1,6,3,71.0,128.8,94.4,1.2,161.9,12.3,0,0,0,0,1
P02353,70,4,0,5,3,74.0,111.9,100.0,1.11,117.6,12.6,0,0,0,0,0
P02354,51,1,1,4,5,74.8,144.2,96.9,1.17,137.3,13.4,0,1,0,0,0
P02355,40,2,0,9,3,77.8,101.2,90.8,0.93,210.1,9.1,1,0,0,0,0
P02356,44,6,0,7,1,82.1,162.8,96.2,1.17,147.4,12.8,0,0,1,0,0
P02357,48,1,0,2,1,65.2,133.6,95.9,0.75,91.3,9.5,0,0,0,0,0
P02358,34,7,1,5,1,86.9,122.9,99.6,0.62,103.4,12.2,0,0,0,0,0
P02359,63,10,2,4,3,99.0,99.7,95.5,2.3,164.3,13.7,0,0,0,0,0
P02360,33,8,1,5,2,100.6,105.0,95.4,1.21,171.9,12.3,1,0,0,0,1
P02361,65,9,0,4,4,78.4,127.0,100.0,2.25,123.4,14.4,1,0,0,0,1
P02362,72,1,0,5,7,94.5,165.9,92.8,0.88,56.3,13.7,1,0,0,0,0
P02363,88,4,1,6,2,72.5,132.7,98.4,2.96,82.2,8.7,0,0,0,1,0
P02364,26,2,2,2,2,77.2,134.9,96.2,1.04,133.1,15.4,0,1,0,0,0
P02365,73,1,1,3,3,87.6,135.7,94.5,1.67,151.1,13.5,0,0,0,0,0
P02366,24,3,2,13,2,77.3,175.3,94.1,1.01,170.2,11.9,0,0,1,0,1
P02367,42,13,2,8,1,64.3,119.2,100.0,1.08,50.0,12.1,0,0,0,0,0
P02368,30,15,0,4,0,93.7,159.3,97.4,0.95,164.2,8.8,0,0,0,0,0
P02369,29,2,1,12,2,70.4,120.0,97.8,0.8,189.2,13.4,0,0,0,0,0
P02370,30,5,5,6,1,74.7,113.9,98.7,1.55,50.0,14.3,1,0,0,0,0
P02371,21,6,1,11,2,96.8,126.4,97.0,1.0,124.8,11.6,0,0,0,0,0
P02372,78,4,1,8,2,89.5,126.3,92.8,1.45,159.1,11.2,0,0,0,0,0
P02373,22,11,1,9,4,84.5,139.2,91.3,1.5,61.5,13.3,0,0,0,0,1
P02374,47,3,1,4,3,61.4,81.5,100.0,1.89,102.5,15.4,0,1,0,0,0
P02375,69,3,1,7,3,65.7,131.0,96.6,1.21,150.2,15.2,0,1,0,0,0
P02376,90,3,2,3,3,87.6,116.0,96.2,0.51,101.5,14.7,0,0,0,0,0
P02377,80,4,1,8,4,90.8,113.5,100.0,0.87,108.6,17.0,0,0,1,0,0
P02378,28,1,1,3,1,85.5,102.1,92.8,0.99,134.9,14.8,1,1,0,0,0
P02379,90,4,3,5,3,75.4,120.7,88.4,1.01,72.4,15.3,0,1,0,0,1
P02380,65,5,1,8,0,74.9,117.7,90.6,1.81,77.0,13.2,1,0,1,0,1
P02381,31,6,3,4,2,85.0,119.5,94.4,1.67,146.1,12.3,1,0,0,0,1
P02382,50,2,1,5,0,64.5,95.2,96.4,0.94,167.7,15.3,1,0,1,0,0
P02383,85,5,2,5,6,83.3,130.0,100.0,2.98,142.9,11.0,0,1,0,0,1
P02384,46,5,0,8,2,62.6,112.2,98.5,0.85,186.3,13.8,0,0,0,1,0
P02385,31,5,0,4,3,67.3,95.3,88.3,0.89,143.9,11.8,1,0,0,1,0
P02386,81,8,0,3,2,84.5,117.0,100.0,0.61,208.1,13.7,0,0,0,0,0
P02387,87,2,2,2,3,90.2,112.5,94.8,0.5,128.0,13.5,0,0,0,0,0
P02388,89,4,1,4,2,86.8,128.8,99.7,0.59,136.4,13.3,0,1,0,0,0
P02389,87,1,4,4,2,66.4,116.8,97.6,1.58,143.1,13.0,0,0,0,0,0
P02390,81,8,0,7,0,55.8,99.0,96.0,1.4,96.7,14.1,0,0,0,0,1
P02391,51,2,2,6,4,81.9,110.2,95.3,0.67,90.1,14.4,0,0,0,0,0
P02392,32,9,1,4,3,55.4,93.5,92.7,1.05,84.5,10.2,1,0,0,0,0
P02393,63,9,0,10,1,95.2,150.7,92.1,1.44,100.0,12.9,0,0,0,0,1
P02394,34,4,1,7,1,66.9,154.0,95.5,0.4,218.2,12.2,0,0,0,0,0
P02395,52,4,3,5,5,113.3,156.4,91.8,2.22,207.0,13.4,1,0,0,0,0
P02396,65,1,2,4,0,68.5,116.2,100.0,1.61,110.2,12.2,1,0,0,0,0
P02397,87,5,1,5,3,88.5,153.9,96.3,1.44,106.1,15.6,0,0,0,0,0
P02398,39,8,1,6,1,71.7,136.1,100.0,1.72,50.0,12.9,0,0,1,0,0
P02399,36,6,0,3,4,79.6,111.6,94.7,0.4,80.3,15.0,1,0,0,0,0
P02400,71,12,2,5,5,84.6,115.4,94.2,0.91,88.6,11.1,1,0,0,1,1
P02401,18,4,0,5,1,94.0,124.6,97.8,1.76,105.2,12.4,1,0,0,0,0
P02402,59,4,0,4,2,96.3,130.0,95.2,1.0,99.4,11.8,0,0,0,0,0
P02403,72,2,1,5,2,92.2,135.3,98.9,1.4,134.7,13.8,0,0,0,0,1
P02404,58,16,1,9,2,96.5,128.0,100.0,1.92,159.9,10.6,0,1,0,0,0
P02405,46,1,3,7,1,73.4,121.0,99.3,1.37,92.2,9.6,1,0,0,0,0
P02406,78,8,2,8,5,91.1,155.0,100.0,0.89,189.7,11.7,0,0,0,0,0
P02407,45,8,0,4,1,77.2,125.7,98.5,1.3,140.6,14.1,0,0,0,0,0
P02408,69,8,0,3,3,95.8,124.6,94.4,0.47,165.0,11.4,0,0,0,0,0
P02409,51,3,2,3,6,83.6,123.7,99.4,1.25,105.2,13.5,1,0,1,0,0
P02410,19,4,0,3,0,90.7,125.7,98.1,1.4,149.6,11.7,0,0,0,0,0
P02411,56,7,3,3,1,86.1,100.8,94.1,1.07,145.4,9.5,0,0,0,0,0
P02412,21,3,4,6,2,92.6,107.9,94.5,1.69,191.0,14.7,1,0,0,0,0
P02413,85,4,2,7,6,70.7,176.9,95.7,1.13,154.4,14.3,0,0,0,0,1
P02414,61,3,1,9,1,60.0,95.0,99.3,1.07,163.4,12.9,0,0,0,0,0
P02415,45,5,2,9,1,95.8,133.4,96.4,2.28,101.2,13.1,1,0,0,0,0
P02416,53,5,0,7,1,100.8,134.9,96.0,0.65,178.8,12.6,0,0,0,0,0
P02417,63,13,1,9,2,80.4,148.3,95.5,1.87,67.6,10.9,0,0,0,0,1
P02418,36,7,1,5,5,93.4,135.3,94.9,1.81,99.2,15.6,0,0,0,1,0
P02419,39,2,2,6,0,59.2,165.8,92.5,1.46,137.7,12.8,0,0,0,0,1
P02420,48,2,2,8,2,73.3,132.8,98.4,0.83,73.1,13.7,0,0,0,0,0
P02421,36,8,0,8,2,83.1,155.0,92.9,1.17,83.5,12.0,0,0,0,0,0
P02422,73,5,1,9,4,57.7,148.8,96.2,0.7,83.5,13.9,0,0,0,0,0
P02423,25,16,1,6,1,60.6,158.8,94.8,0.78,142.0,15.3,0,0,0,0,0
P02424,78,16,0,6,1,84.2,128.5,98.3,1.06,117.8,13.3,0,0,0,0,1
P02425,43,2,1,11,0,73.5,136.0,95.0,0.67,168.4,13.7,0,0,0,1,0
P02426,58,6,2,5,2,77.1,120.6,93.0,0.9,209.6,14.8,0,0,0,0,1
P02427,29,2,0,5,0,76.3,131.2,99.0,0.61,137.2,14.4,0,1,0,0,0
P02428,46,8,1,6,1,64.0,132.3,93.5,1.34,102.0,15.1,0,0,0,0,0
P02429,73,14,1,7,0,79.0,86.5,96.5,2.09,141.6,13.6,0,0,0,1,0
P02430,37,5,0,2,3,81.8,125.1,99.8,2.69,84.7,13.6,0,0,0,0,0
P02431,27,4,0,5,1,73.8,145.8,93.8,0.63,122.1,13.5,0,0,0,1,0
P02432,56,6,0,4,4,75.0,101.0,95.7,0.68,235.8,14.7,1,0,0,0,1
P02433,29,9,1,6,3,79.1,108.3,94.7,0.98,115.9,12.1,0,0,0,0,1
P02434,40,9,1,7,2,93.5,151.1,96.4,1.45,138.6,14.1,1,0,0,0,0
P02435,50,4,2,8,0,80.7,154.9,95.8,0.96,117.7,17.6,0,0,0,0,0
P02436,59,3,1,7,3,55.0,115.6,98.8,1.62,106.6,13.7,0,0,0,1,0
P02437,64,6,1,2,2,65.3,131.5,94.1,1.34,146.6,10.6,0,0,0,1,0
P02438,67,4,1,8,1,95.0,126.4,99.8,0.48,67.8,12.4,0,1,0,0,1
P02439,79,11,2,7,2,72.4,151.5,100.0,1.08,117.5,14.2,1,0,0,0,1
P02440,22,4,0,5,1,80.8,117.3,96.8,0.6,63.9,11.7,0,0,0,0,0
P02441,44,5,2,12,1,108.9,120.4,93.6,0.82,194.5,11.0,0,0,0,0,0
P02442,18,6,1,5,3,90.8,154.8,95.9,0.87,169.4,10.2,0,0,0,0,0
P02443,18,1,0,5,4,51.9,107.9,95.6,1.47,90.4,12.6,0,0,0,1,0
P02444,33,3,2,5,4,102.2,118.0,100.0,1.04,50.0,16.2,0,0,0,0,0
P02445,61,15,3,7,1,84.1,130.7,95.7,0.85,147.1,11.9,0,0,0,0,0
P02446,83,9,1,4,2,87.2,158.5,100.0,2.7,123.0,14.8,0,0,1,0,1
P02447,74,4,5,3,3,86.3,104.1,96.3,0.7,226.0,12.4,0,0,0,0,0
P02448,65,8,2,8,1,94.8,113.8,96.1,1.2,188.1,12.2,0,0,0,0,0
P02449,74,11,0,7,1,80.9,139.9,94.9,1.42,153.6,14.0,1,0,1,0,1
P02450,30,4,2,8,4,61.3,142.9,95.2,1.13,101.2,9.9,0,0,0,1,0
P02451,79,8,3,4,2,86.5,132.2,98.7,0.7,113.2,16.3,0,0,0,1,0
P02452,82,8,1,6,3,62.7,125.7,93.8,0.69,138.6,14.1,0,0,1,0,0
P02453,24,2,0,5,3,107.4,130.6,98.9,1.39,141.0,15.1,0,1,0,0,0
P02454,52,4,0,4,2,76.9,97.9,100.0,1.68,93.2,12.5,0,0,0,0,0
P02455,78,13,0,5,2,81.3,130.0,94.2,1.03,63.6,14.0,0,0,0,0,0
P02456,52,15,0,5,3,72.5,157.6,99.6,0.58,211.8,14.9,0,0,0,0,0
P02457,79,9,1,6,2,86.7,101.6,99.1,1.06,126.5,12.8,0,0,0,0,0
P02458,86,3,0,3,2,88.4,112.3,98.6,2.08,144.1,11.3,1,0,0,0,0
P02459,52,1,3,4,3,72.5,120.1,94.1,0.67,86.4,11.1,0,0,0,0,0
P02460,22,3,0,3,2,88.3,121.3,95.6,0.91,186.5,12.2,0,0,1,0,0
P02461,42,2,3,3,3,82.9,164.8,95.6,1.08,171.8,13.5,0,0,0,0,0
P02462,33,14,1,9,2,80.7,109.4,100.0,1.72,127.7,12.7,0,0,1,0,1
P02463,52,1,2,8,2,71.5,105.4,96.0,0.83,134.5,12.0,1,0,0,0,1
P02464,60,2,0,5,3,114.4,143.4,95.5,1.31,137.8,14.4,0,0,0,0,0
P02465,51,6,0,10,4,98.6,115.1,92.6,1.97,129.4,12.1,1,0,1,0,0
P02466,32,5,0,7,5,92.2,143.8,93.1,0.54,150.1,11.8,0,0,1,0,1
P02467,39,13,2,4,2,97.8,124.1,93.9,0.58,141.9,14.9,0,1,1,0,1
P02468,67,7,1,4,3,86.2,137.2,97.1,1.01,117.1,14.1,1,1,0,0,0
P02469,19,4,2,6,3,77.1,96.6,91.7,1.63,72.4,10.5,0,0,0,0,0
P02470,33,11,4,5,2,45.0,137.1,94.0,1.22,123.9,10.3,0,0,0,0,0
P02471,83,4,1,6,1,64.9,132.4,90.4,1.7,158.8,10.8,1,0,0,1,1
P02472,25,13,1,4,4,112.3,122.9,100.0,0.49,155.2,12.9,1,0,0,0,0
P02473,48,3,0,6,4,98.2,103.3,96.3,1.23,184.1,15.4,1,0,1,0,1
P02474,33,5,0,3,2,84.8,132.3,96.9,0.4,188.8,15.9,0,0,0,0,0
P02475,25,1,2,10,1,59.9,142.5,92.7,1.91,156.6,14.5,0,1,0,0,0
P02476,48,9,1,5,1,90.9,117.4,99.5,1.79,133.4,16.8,0,0,0,0,1
P02477,56,5,1,8,3,78.1,117.8,100.0,0.91,140.5,13.4,0,0,0,0,0
P02478,30,13,0,7,5,91.8,143.9,96.2,0.4,99.2,15.2,0,0,0,0,1
P02479,23,4,3,7,1,66.4,162.2,94.6,0.96,161.0,11.9,1,0,1,0,0
P02480,27,1,1,5,0,75.1,146.8,97.7,1.74,184.6,9.9,0,1,0,0,0
P02481,65,7,2,3,3,94.4,132.6,98.2,1.27,171.9,12.4,1,0,0,0,0
P02482,80,3,1,5,2,109.0,123.1,98.6,2.42,150.0,12.7,0,0,0,0,0
P02483,31,8,1,4,1,72.8,127.4,98.0,0.92,114.2,18.0,0,0,0,0,0
P02484,41,3,2,6,3,68.0,101.5,98.9,2.62,109.0,13.0,0,0,0,1,0
P02485,43,12,0,6,4,96.3,124.9,93.9,0.42,117.8,11.0,0,0,0,0,0
P02486,44,5,1,3,2,64.4,150.4,98.7,0.75,92.1,14.9,0,0,0,0,0
P02487,35,4,2,8,3,65.4,128.8,94.6,0.59,137.4,11.5,0,0,0,0,0
P02488,22,11,1,6,3,85.7,115.5,88.5,1.46,50.0,13.3,0,0,0,0,0
P02489,56,9,0,6,2,111.2,113.6,94.6,0.61,100.8,14.8,0,0,1,0,0
P02490,44,3,0,3,3,70.1,127.4,94.3,1.65,128.1,11.1,0,0,0,0,0
P02491,42,9,3,2,2,76.8,103.3,96.7,1.43,237.6,16.0,0,0,0,0,0
P02492,37,8,4,3,1,83.6,109.8,98.5,1.14,125.2,15.3,0,0,0,0,0
P02493,85,5,5,6,2,75.4,158.7,96.6,1.0,126.9,13.7,1,0,0,0,0
P02494,62,8,3,9,1,57.3,107.3,100.0,0.65,87.5,16.5,1,0,0,0,0
P02495,48,12,0,7,4,93.2,112.0,94.4,1.38,202.4,12.2,0,0,0,1,0
P02496,32,5,1,7,1,84.6,133.8,90.0,0.83,88.4,14.6,0,0,0,0,0
P02497,76,5,4,6,2,87.1,119.2,96.8,1.48,216.5,13.6,0,1,1,0,1
P02498,82,5,0,6,0,80.0,129.8,94.4,2.05,91.7,11.7,0,0,0,0,0
P02499,20,3,5,6,2,103.2,145.3,92.7,0.91,167.4,11.8,0,0,0,0,1
P02500,85,5,2,8,5,74.9,97.1,95.1,1.9,122.4,17.1,0,1,0,0,0
